PERMNO,date,COMNAM,PRC
12305,2019-01-02,VANGUARD INDEX FUNDS,229.99001
12305,2019-01-03,VANGUARD INDEX FUNDS,224.50000
12305,2019-01-04,VANGUARD INDEX FUNDS,231.91000
12305,2019-01-07,VANGUARD INDEX FUNDS,233.64999
12305,2019-01-08,VANGUARD INDEX FUNDS,235.92000
12305,2019-01-09,VANGUARD INDEX FUNDS,237.00999
12305,2019-01-10,VANGUARD INDEX FUNDS,238.00000
12305,2019-01-11,VANGUARD INDEX FUNDS,237.89000
12305,2019-01-14,VANGUARD INDEX FUNDS,236.58000
12305,2019-01-15,VANGUARD INDEX FUNDS,239.35001
12305,2019-01-16,VANGUARD INDEX FUNDS,239.88000
12305,2019-01-17,VANGUARD INDEX FUNDS,241.67000
12305,2019-01-18,VANGUARD INDEX FUNDS,244.92000
12305,2019-01-22,VANGUARD INDEX FUNDS,241.66000
12305,2019-01-23,VANGUARD INDEX FUNDS,242.02000
12305,2019-01-24,VANGUARD INDEX FUNDS,242.25999
12305,2019-01-25,VANGUARD INDEX FUNDS,244.32001
12305,2019-01-28,VANGUARD INDEX FUNDS,242.42999
12305,2019-01-29,VANGUARD INDEX FUNDS,242.13000
12305,2019-01-30,VANGUARD INDEX FUNDS,245.96001
12305,2019-01-31,VANGUARD INDEX FUNDS,248.00999
12305,2019-02-01,VANGUARD INDEX FUNDS,248.22000
12305,2019-02-04,VANGUARD INDEX FUNDS,249.99001
12305,2019-02-05,VANGUARD INDEX FUNDS,251.10001
12305,2019-02-06,VANGUARD INDEX FUNDS,250.78999
12305,2019-02-07,VANGUARD INDEX FUNDS,248.33000
12305,2019-02-08,VANGUARD INDEX FUNDS,248.64999
12305,2019-02-11,VANGUARD INDEX FUNDS,248.78000
12305,2019-02-12,VANGUARD INDEX FUNDS,252.00000
12305,2019-02-13,VANGUARD INDEX FUNDS,252.75999
12305,2019-02-14,VANGUARD INDEX FUNDS,252.20000
12305,2019-02-15,VANGUARD INDEX FUNDS,254.98000
12305,2019-02-19,VANGUARD INDEX FUNDS,255.42000
12305,2019-02-20,VANGUARD INDEX FUNDS,256.01001
12305,2019-02-21,VANGUARD INDEX FUNDS,255.08000
12305,2019-02-22,VANGUARD INDEX FUNDS,256.60999
12305,2019-02-25,VANGUARD INDEX FUNDS,256.98999
12305,2019-02-26,VANGUARD INDEX FUNDS,256.79999
12305,2019-02-27,VANGUARD INDEX FUNDS,256.67001
12305,2019-02-28,VANGUARD INDEX FUNDS,256.07001
12305,2019-03-01,VANGUARD INDEX FUNDS,257.82999
12305,2019-03-04,VANGUARD INDEX FUNDS,256.84000
12305,2019-03-05,VANGUARD INDEX FUNDS,256.54001
12305,2019-03-06,VANGUARD INDEX FUNDS,254.89999
12305,2019-03-07,VANGUARD INDEX FUNDS,252.85001
12305,2019-03-08,VANGUARD INDEX FUNDS,252.34000
12305,2019-03-11,VANGUARD INDEX FUNDS,256.01999
12305,2019-03-12,VANGUARD INDEX FUNDS,256.92999
12305,2019-03-13,VANGUARD INDEX FUNDS,258.67999
12305,2019-03-14,VANGUARD INDEX FUNDS,258.59000
12305,2019-03-15,VANGUARD INDEX FUNDS,259.85001
12305,2019-03-18,VANGUARD INDEX FUNDS,260.78000
12305,2019-03-19,VANGUARD INDEX FUNDS,260.85999
12305,2019-03-20,VANGUARD INDEX FUNDS,259.92999
12305,2019-03-21,VANGUARD INDEX FUNDS,261.42999
12305,2019-03-22,VANGUARD INDEX FUNDS,256.45999
12305,2019-03-25,VANGUARD INDEX FUNDS,256.23001
12305,2019-03-26,VANGUARD INDEX FUNDS,258.07999
12305,2019-03-27,VANGUARD INDEX FUNDS,256.88000
12305,2019-03-28,VANGUARD INDEX FUNDS,257.88000
12305,2019-03-29,VANGUARD INDEX FUNDS,259.54001
12305,2019-04-01,VANGUARD INDEX FUNDS,262.53000
12305,2019-04-02,VANGUARD INDEX FUNDS,262.62000
12305,2019-04-03,VANGUARD INDEX FUNDS,263.10999
12305,2019-04-04,VANGUARD INDEX FUNDS,263.73999
12305,2019-04-05,VANGUARD INDEX FUNDS,265.01001
12305,2019-04-08,VANGUARD INDEX FUNDS,265.23999
12305,2019-04-09,VANGUARD INDEX FUNDS,263.82999
12305,2019-04-10,VANGUARD INDEX FUNDS,264.73999
12305,2019-04-11,VANGUARD INDEX FUNDS,264.69000
12305,2019-04-12,VANGUARD INDEX FUNDS,266.48001
12305,2019-04-15,VANGUARD INDEX FUNDS,266.29999
12305,2019-04-16,VANGUARD INDEX FUNDS,266.48999
12305,2019-04-17,VANGUARD INDEX FUNDS,265.84000
12305,2019-04-18,VANGUARD INDEX FUNDS,266.34000
12305,2019-04-22,VANGUARD INDEX FUNDS,266.60001
12305,2019-04-23,VANGUARD INDEX FUNDS,268.89999
12305,2019-04-24,VANGUARD INDEX FUNDS,268.37000
12305,2019-04-25,VANGUARD INDEX FUNDS,268.26999
12305,2019-04-26,VANGUARD INDEX FUNDS,269.50000
12305,2019-04-29,VANGUARD INDEX FUNDS,269.84000
12305,2019-04-30,VANGUARD INDEX FUNDS,270.01001
12305,2019-05-01,VANGUARD INDEX FUNDS,268.04001
12305,2019-05-02,VANGUARD INDEX FUNDS,267.51001
12305,2019-05-03,VANGUARD INDEX FUNDS,270.04999
12305,2019-05-06,VANGUARD INDEX FUNDS,268.98001
12305,2019-05-07,VANGUARD INDEX FUNDS,264.62000
12305,2019-05-08,VANGUARD INDEX FUNDS,264.10001
12305,2019-05-09,VANGUARD INDEX FUNDS,263.29001
12305,2019-05-10,VANGUARD INDEX FUNDS,264.51999
12305,2019-05-13,VANGUARD INDEX FUNDS,258.03000
12305,2019-05-14,VANGUARD INDEX FUNDS,260.26999
12305,2019-05-15,VANGUARD INDEX FUNDS,261.81000
12305,2019-05-16,VANGUARD INDEX FUNDS,264.20999
12305,2019-05-17,VANGUARD INDEX FUNDS,262.60999
12305,2019-05-20,VANGUARD INDEX FUNDS,260.82001
12305,2019-05-21,VANGUARD INDEX FUNDS,263.03000
12305,2019-05-22,VANGUARD INDEX FUNDS,262.31000
12305,2019-05-23,VANGUARD INDEX FUNDS,259.23999
12305,2019-05-24,VANGUARD INDEX FUNDS,259.69000
12305,2019-05-28,VANGUARD INDEX FUNDS,257.35999
12305,2019-05-29,VANGUARD INDEX FUNDS,255.59000
12305,2019-05-30,VANGUARD INDEX FUNDS,256.29999
12305,2019-05-31,VANGUARD INDEX FUNDS,252.87000
12305,2019-06-03,VANGUARD INDEX FUNDS,252.12000
12305,2019-06-04,VANGUARD INDEX FUNDS,257.67001
12305,2019-06-05,VANGUARD INDEX FUNDS,259.85001
12305,2019-06-06,VANGUARD INDEX FUNDS,261.54001
12305,2019-06-07,VANGUARD INDEX FUNDS,264.14999
12305,2019-06-10,VANGUARD INDEX FUNDS,265.39001
12305,2019-06-11,VANGUARD INDEX FUNDS,265.34000
12305,2019-06-12,VANGUARD INDEX FUNDS,264.84000
12305,2019-06-13,VANGUARD INDEX FUNDS,266.01999
12305,2019-06-14,VANGUARD INDEX FUNDS,265.62000
12305,2019-06-17,VANGUARD INDEX FUNDS,265.85999
12305,2019-06-18,VANGUARD INDEX FUNDS,268.51001
12305,2019-06-19,VANGUARD INDEX FUNDS,269.22000
12305,2019-06-20,VANGUARD INDEX FUNDS,271.73001
12305,2019-06-21,VANGUARD INDEX FUNDS,271.41000
12305,2019-06-24,VANGUARD INDEX FUNDS,271.06000
12305,2019-06-25,VANGUARD INDEX FUNDS,268.38000
12305,2019-06-26,VANGUARD INDEX FUNDS,268.12000
12305,2019-06-27,VANGUARD INDEX FUNDS,267.67001
12305,2019-06-28,VANGUARD INDEX FUNDS,269.14999
12305,2019-07-01,VANGUARD INDEX FUNDS,271.44000
12305,2019-07-02,VANGUARD INDEX FUNDS,272.23001
12305,2019-07-03,VANGUARD INDEX FUNDS,274.32001
12305,2019-07-05,VANGUARD INDEX FUNDS,273.97000
12305,2019-07-08,VANGUARD INDEX FUNDS,272.60001
12305,2019-07-09,VANGUARD INDEX FUNDS,272.94000
12305,2019-07-10,VANGUARD INDEX FUNDS,274.20999
12305,2019-07-11,VANGUARD INDEX FUNDS,274.76001
12305,2019-07-12,VANGUARD INDEX FUNDS,276.10999
12305,2019-07-15,VANGUARD INDEX FUNDS,276.17999
12305,2019-07-16,VANGUARD INDEX FUNDS,275.28000
12305,2019-07-17,VANGUARD INDEX FUNDS,273.42001
12305,2019-07-18,VANGUARD INDEX FUNDS,274.42001
12305,2019-07-19,VANGUARD INDEX FUNDS,272.95001
12305,2019-07-22,VANGUARD INDEX FUNDS,273.60999
12305,2019-07-23,VANGUARD INDEX FUNDS,275.48999
12305,2019-07-24,VANGUARD INDEX FUNDS,276.76001
12305,2019-07-25,VANGUARD INDEX FUNDS,275.41000
12305,2019-07-26,VANGUARD INDEX FUNDS,277.38000
12305,2019-07-29,VANGUARD INDEX FUNDS,276.88000
12305,2019-07-30,VANGUARD INDEX FUNDS,276.20999
12305,2019-07-31,VANGUARD INDEX FUNDS,273.07999
12305,2019-08-01,VANGUARD INDEX FUNDS,270.79001
12305,2019-08-02,VANGUARD INDEX FUNDS,268.81000
12305,2019-08-05,VANGUARD INDEX FUNDS,260.88000
12305,2019-08-06,VANGUARD INDEX FUNDS,264.23999
12305,2019-08-07,VANGUARD INDEX FUNDS,264.42001
12305,2019-08-08,VANGUARD INDEX FUNDS,269.57999
12305,2019-08-09,VANGUARD INDEX FUNDS,267.70001
12305,2019-08-12,VANGUARD INDEX FUNDS,264.56000
12305,2019-08-13,VANGUARD INDEX FUNDS,268.66000
12305,2019-08-14,VANGUARD INDEX FUNDS,260.57001
12305,2019-08-15,VANGUARD INDEX FUNDS,261.39001
12305,2019-08-16,VANGUARD INDEX FUNDS,265.22000
12305,2019-08-19,VANGUARD INDEX FUNDS,268.48001
12305,2019-08-20,VANGUARD INDEX FUNDS,266.39999
12305,2019-08-21,VANGUARD INDEX FUNDS,268.56000
12305,2019-08-22,VANGUARD INDEX FUNDS,268.45999
12305,2019-08-23,VANGUARD INDEX FUNDS,261.57001
12305,2019-08-26,VANGUARD INDEX FUNDS,264.47000
12305,2019-08-27,VANGUARD INDEX FUNDS,263.42999
12305,2019-08-28,VANGUARD INDEX FUNDS,265.26001
12305,2019-08-29,VANGUARD INDEX FUNDS,268.70999
12305,2019-08-30,VANGUARD INDEX FUNDS,268.60001
12305,2019-09-03,VANGUARD INDEX FUNDS,267.10999
12305,2019-09-04,VANGUARD INDEX FUNDS,269.97000
12305,2019-09-05,VANGUARD INDEX FUNDS,273.54001
12305,2019-09-06,VANGUARD INDEX FUNDS,273.73999
12305,2019-09-09,VANGUARD INDEX FUNDS,273.81000
12305,2019-09-10,VANGUARD INDEX FUNDS,273.87000
12305,2019-09-11,VANGUARD INDEX FUNDS,275.84000
12305,2019-09-12,VANGUARD INDEX FUNDS,276.64999
12305,2019-09-13,VANGUARD INDEX FUNDS,276.57999
12305,2019-09-16,VANGUARD INDEX FUNDS,275.67001
12305,2019-09-17,VANGUARD INDEX FUNDS,276.42001
12305,2019-09-18,VANGUARD INDEX FUNDS,276.59000
12305,2019-09-19,VANGUARD INDEX FUNDS,276.53000
12305,2019-09-20,VANGUARD INDEX FUNDS,275.04999
12305,2019-09-23,VANGUARD INDEX FUNDS,275.23999
12305,2019-09-24,VANGUARD INDEX FUNDS,272.95999
12305,2019-09-25,VANGUARD INDEX FUNDS,274.63000
12305,2019-09-26,VANGUARD INDEX FUNDS,272.79001
12305,2019-09-27,VANGUARD INDEX FUNDS,271.26001
12305,2019-09-30,VANGUARD INDEX FUNDS,272.60001
12305,2019-10-01,VANGUARD INDEX FUNDS,269.32001
12305,2019-10-02,VANGUARD INDEX FUNDS,264.57001
12305,2019-10-03,VANGUARD INDEX FUNDS,266.67001
12305,2019-10-04,VANGUARD INDEX FUNDS,270.37000
12305,2019-10-07,VANGUARD INDEX FUNDS,269.20999
12305,2019-10-08,VANGUARD INDEX FUNDS,265.03000
12305,2019-10-09,VANGUARD INDEX FUNDS,267.50000
12305,2019-10-10,VANGUARD INDEX FUNDS,269.32001
12305,2019-10-11,VANGUARD INDEX FUNDS,272.13000
12305,2019-10-14,VANGUARD INDEX FUNDS,271.88000
12305,2019-10-15,VANGUARD INDEX FUNDS,274.51001
12305,2019-10-16,VANGUARD INDEX FUNDS,274.07999
12305,2019-10-17,VANGUARD INDEX FUNDS,274.82001
12305,2019-10-18,VANGUARD INDEX FUNDS,273.69000
12305,2019-10-21,VANGUARD INDEX FUNDS,275.60001
12305,2019-10-22,VANGUARD INDEX FUNDS,274.63000
12305,2019-10-23,VANGUARD INDEX FUNDS,275.44000
12305,2019-10-24,VANGUARD INDEX FUNDS,275.89001
12305,2019-10-25,VANGUARD INDEX FUNDS,277.04001
12305,2019-10-28,VANGUARD INDEX FUNDS,278.64999
12305,2019-10-29,VANGUARD INDEX FUNDS,278.47000
12305,2019-10-30,VANGUARD INDEX FUNDS,279.45001
12305,2019-10-31,VANGUARD INDEX FUNDS,278.54999
12305,2019-11-01,VANGUARD INDEX FUNDS,281.20001
12305,2019-11-04,VANGUARD INDEX FUNDS,282.32001
12305,2019-11-05,VANGUARD INDEX FUNDS,281.95999
12305,2019-11-06,VANGUARD INDEX FUNDS,282.10999
12305,2019-11-07,VANGUARD INDEX FUNDS,283.10999
12305,2019-11-08,VANGUARD INDEX FUNDS,283.79999
12305,2019-11-11,VANGUARD INDEX FUNDS,283.25000
12305,2019-11-12,VANGUARD INDEX FUNDS,283.81000
12305,2019-11-13,VANGUARD INDEX FUNDS,283.92999
12305,2019-11-14,VANGUARD INDEX FUNDS,284.31000
12305,2019-11-15,VANGUARD INDEX FUNDS,286.42999
12305,2019-11-18,VANGUARD INDEX FUNDS,286.60999
12305,2019-11-19,VANGUARD INDEX FUNDS,286.47000
12305,2019-11-20,VANGUARD INDEX FUNDS,285.45999
12305,2019-11-21,VANGUARD INDEX FUNDS,285.01999
12305,2019-11-22,VANGUARD INDEX FUNDS,285.64999
12305,2019-11-25,VANGUARD INDEX FUNDS,287.82001
12305,2019-11-26,VANGUARD INDEX FUNDS,288.39999
12305,2019-11-27,VANGUARD INDEX FUNDS,289.76001
12305,2019-11-29,VANGUARD INDEX FUNDS,288.64999
12305,2019-12-02,VANGUARD INDEX FUNDS,286.29999
12305,2019-12-03,VANGUARD INDEX FUNDS,284.29001
12305,2019-12-04,VANGUARD INDEX FUNDS,286.10999
12305,2019-12-05,VANGUARD INDEX FUNDS,286.64001
12305,2019-12-06,VANGUARD INDEX FUNDS,289.19000
12305,2019-12-09,VANGUARD INDEX FUNDS,288.31000
12305,2019-12-10,VANGUARD INDEX FUNDS,288.04001
12305,2019-12-11,VANGUARD INDEX FUNDS,288.79001
12305,2019-12-12,VANGUARD INDEX FUNDS,291.32999
12305,2019-12-13,VANGUARD INDEX FUNDS,291.44000
12305,2019-12-16,VANGUARD INDEX FUNDS,293.50000
12305,2019-12-17,VANGUARD INDEX FUNDS,293.56000
12305,2019-12-18,VANGUARD INDEX FUNDS,293.57999
12305,2019-12-19,VANGUARD INDEX FUNDS,294.79999
12305,2019-12-20,VANGUARD INDEX FUNDS,296.29999
12305,2019-12-23,VANGUARD INDEX FUNDS,295.16000
12305,2019-12-24,VANGUARD INDEX FUNDS,295.16000
12305,2019-12-26,VANGUARD INDEX FUNDS,296.67001
12305,2019-12-27,VANGUARD INDEX FUNDS,296.67001
12305,2019-12-30,VANGUARD INDEX FUNDS,295.04001
12305,2019-12-31,VANGUARD INDEX FUNDS,295.79999
12305,2020-01-02,VANGUARD INDEX FUNDS,298.42001
12305,2020-01-03,VANGUARD INDEX FUNDS,296.23999
12305,2020-01-06,VANGUARD INDEX FUNDS,297.35001
12305,2020-01-07,VANGUARD INDEX FUNDS,296.53000
12305,2020-01-08,VANGUARD INDEX FUNDS,298.06000
12305,2020-01-09,VANGUARD INDEX FUNDS,300.12000
12305,2020-01-10,VANGUARD INDEX FUNDS,299.26001
12305,2020-01-13,VANGUARD INDEX FUNDS,301.23999
12305,2020-01-14,VANGUARD INDEX FUNDS,300.84000
12305,2020-01-15,VANGUARD INDEX FUNDS,301.51001
12305,2020-01-16,VANGUARD INDEX FUNDS,304.03000
12305,2020-01-17,VANGUARD INDEX FUNDS,305.06000
12305,2020-01-21,VANGUARD INDEX FUNDS,304.42999
12305,2020-01-22,VANGUARD INDEX FUNDS,304.51001
12305,2020-01-23,VANGUARD INDEX FUNDS,304.81000
12305,2020-01-24,VANGUARD INDEX FUNDS,302.03000
12305,2020-01-27,VANGUARD INDEX FUNDS,297.23001
12305,2020-01-28,VANGUARD INDEX FUNDS,300.45001
12305,2020-01-29,VANGUARD INDEX FUNDS,300.14999
12305,2020-01-30,VANGUARD INDEX FUNDS,301.09000
12305,2020-01-31,VANGUARD INDEX FUNDS,295.69000
12305,2020-02-03,VANGUARD INDEX FUNDS,297.84000
12305,2020-02-04,VANGUARD INDEX FUNDS,302.42999
12305,2020-02-05,VANGUARD INDEX FUNDS,305.85001
12305,2020-02-06,VANGUARD INDEX FUNDS,306.89001
12305,2020-02-07,VANGUARD INDEX FUNDS,305.32999
12305,2020-02-10,VANGUARD INDEX FUNDS,307.51999
12305,2020-02-11,VANGUARD INDEX FUNDS,308.07999
12305,2020-02-12,VANGUARD INDEX FUNDS,310.06000
12305,2020-02-13,VANGUARD INDEX FUNDS,309.76001
12305,2020-02-14,VANGUARD INDEX FUNDS,310.28000
12305,2020-02-18,VANGUARD INDEX FUNDS,309.42999
12305,2020-02-19,VANGUARD INDEX FUNDS,310.92001
12305,2020-02-20,VANGUARD INDEX FUNDS,309.70001
12305,2020-02-21,VANGUARD INDEX FUNDS,306.48999
12305,2020-02-24,VANGUARD INDEX FUNDS,296.23999
12305,2020-02-25,VANGUARD INDEX FUNDS,287.34000
12305,2020-02-26,VANGUARD INDEX FUNDS,286.07001
12305,2020-02-27,VANGUARD INDEX FUNDS,273.39001
12305,2020-02-28,VANGUARD INDEX FUNDS,271.73999
12305,2020-03-02,VANGUARD INDEX FUNDS,283.87000
12305,2020-03-03,VANGUARD INDEX FUNDS,276.04001
12305,2020-03-04,VANGUARD INDEX FUNDS,287.48001
12305,2020-03-05,VANGUARD INDEX FUNDS,277.85001
12305,2020-03-06,VANGUARD INDEX FUNDS,273.19000
12305,2020-03-09,VANGUARD INDEX FUNDS,252.11000
12305,2020-03-10,VANGUARD INDEX FUNDS,263.81000
12305,2020-03-11,VANGUARD INDEX FUNDS,250.73000
12305,2020-03-12,VANGUARD INDEX FUNDS,226.48000
12305,2020-03-13,VANGUARD INDEX FUNDS,247.64000
12305,2020-03-16,VANGUARD INDEX FUNDS,218.57001
12305,2020-03-17,VANGUARD INDEX FUNDS,232.88000
12305,2020-03-18,VANGUARD INDEX FUNDS,220.14999
12305,2020-03-19,VANGUARD INDEX FUNDS,220.34000
12305,2020-03-20,VANGUARD INDEX FUNDS,210.74001
12305,2020-03-23,VANGUARD INDEX FUNDS,204.27000
12305,2020-03-24,VANGUARD INDEX FUNDS,223.75000
12305,2020-03-25,VANGUARD INDEX FUNDS,226.62000
12305,2020-03-26,VANGUARD INDEX FUNDS,240.24001
12305,2020-03-27,VANGUARD INDEX FUNDS,232.86000
12305,2020-03-30,VANGUARD INDEX FUNDS,240.39000
12305,2020-03-31,VANGUARD INDEX FUNDS,236.82001
12305,2020-04-01,VANGUARD INDEX FUNDS,226.14999
12305,2020-04-02,VANGUARD INDEX FUNDS,231.44000
12305,2020-04-03,VANGUARD INDEX FUNDS,228.02000
12305,2020-04-06,VANGUARD INDEX FUNDS,243.53000
12305,2020-04-07,VANGUARD INDEX FUNDS,243.66000
12305,2020-04-08,VANGUARD INDEX FUNDS,251.92999
12305,2020-04-09,VANGUARD INDEX FUNDS,255.67000
12305,2020-04-13,VANGUARD INDEX FUNDS,253.19000
12305,2020-04-14,VANGUARD INDEX FUNDS,260.92001
12305,2020-04-15,VANGUARD INDEX FUNDS,255.24001
12305,2020-04-16,VANGUARD INDEX FUNDS,256.53000
12305,2020-04-17,VANGUARD INDEX FUNDS,263.60999
12305,2020-04-20,VANGUARD INDEX FUNDS,258.85999
12305,2020-04-21,VANGUARD INDEX FUNDS,250.95000
12305,2020-04-22,VANGUARD INDEX FUNDS,256.47000
12305,2020-04-23,VANGUARD INDEX FUNDS,256.42001
12305,2020-04-24,VANGUARD INDEX FUNDS,260.14001
12305,2020-04-27,VANGUARD INDEX FUNDS,263.89999
12305,2020-04-28,VANGUARD INDEX FUNDS,262.67999
12305,2020-04-29,VANGUARD INDEX FUNDS,269.45001
12305,2020-04-30,VANGUARD INDEX FUNDS,267.10001
12305,2020-05-01,VANGUARD INDEX FUNDS,259.82001
12305,2020-05-04,VANGUARD INDEX FUNDS,260.64001
12305,2020-05-05,VANGUARD INDEX FUNDS,263.04001
12305,2020-05-06,VANGUARD INDEX FUNDS,261.26999
12305,2020-05-07,VANGUARD INDEX FUNDS,264.35999
12305,2020-05-08,VANGUARD INDEX FUNDS,268.78000
12305,2020-05-11,VANGUARD INDEX FUNDS,268.82001
12305,2020-05-12,VANGUARD INDEX FUNDS,263.41000
12305,2020-05-13,VANGUARD INDEX FUNDS,258.73999
12305,2020-05-14,VANGUARD INDEX FUNDS,261.85999
12305,2020-05-15,VANGUARD INDEX FUNDS,263.04001
12305,2020-05-18,VANGUARD INDEX FUNDS,271.07999
12305,2020-05-19,VANGUARD INDEX FUNDS,268.51999
12305,2020-05-20,VANGUARD INDEX FUNDS,272.89999
12305,2020-05-21,VANGUARD INDEX FUNDS,270.94000
12305,2020-05-22,VANGUARD INDEX FUNDS,271.54999
12305,2020-05-26,VANGUARD INDEX FUNDS,275.04001
12305,2020-05-27,VANGUARD INDEX FUNDS,279.04999
12305,2020-05-28,VANGUARD INDEX FUNDS,278.50000
12305,2020-05-29,VANGUARD INDEX FUNDS,279.75000
12305,2020-06-01,VANGUARD INDEX FUNDS,280.97000
12305,2020-06-02,VANGUARD INDEX FUNDS,283.28000
12305,2020-06-03,VANGUARD INDEX FUNDS,287.01999
12305,2020-06-04,VANGUARD INDEX FUNDS,286.29001
12305,2020-06-05,VANGUARD INDEX FUNDS,293.60999
12305,2020-06-08,VANGUARD INDEX FUNDS,297.17001
12305,2020-06-09,VANGUARD INDEX FUNDS,295.06000
12305,2020-06-10,VANGUARD INDEX FUNDS,293.22000
12305,2020-06-11,VANGUARD INDEX FUNDS,276.32001
12305,2020-06-12,VANGUARD INDEX FUNDS,279.64999
12305,2020-06-15,VANGUARD INDEX FUNDS,282.20001
12305,2020-06-16,VANGUARD INDEX FUNDS,287.72000
12305,2020-06-17,VANGUARD INDEX FUNDS,286.39999
12305,2020-06-18,VANGUARD INDEX FUNDS,286.66000
12305,2020-06-19,VANGUARD INDEX FUNDS,284.97000
12305,2020-06-22,VANGUARD INDEX FUNDS,286.85999
12305,2020-06-23,VANGUARD INDEX FUNDS,288.16000
12305,2020-06-24,VANGUARD INDEX FUNDS,280.79001
12305,2020-06-25,VANGUARD INDEX FUNDS,283.76001
12305,2020-06-26,VANGUARD INDEX FUNDS,277.10999
12305,2020-06-29,VANGUARD INDEX FUNDS,279.70001
12305,2020-06-30,VANGUARD INDEX FUNDS,283.42999
12305,2020-07-01,VANGUARD INDEX FUNDS,285.37000
12305,2020-07-02,VANGUARD INDEX FUNDS,286.81000
12305,2020-07-06,VANGUARD INDEX FUNDS,291.26001
12305,2020-07-07,VANGUARD INDEX FUNDS,288.23999
12305,2020-07-08,VANGUARD INDEX FUNDS,290.38000
12305,2020-07-09,VANGUARD INDEX FUNDS,288.89999
12305,2020-07-10,VANGUARD INDEX FUNDS,291.79999
12305,2020-07-13,VANGUARD INDEX FUNDS,289.16000
12305,2020-07-14,VANGUARD INDEX FUNDS,293.03000
12305,2020-07-15,VANGUARD INDEX FUNDS,295.63000
12305,2020-07-16,VANGUARD INDEX FUNDS,294.76999
12305,2020-07-17,VANGUARD INDEX FUNDS,295.54999
12305,2020-07-20,VANGUARD INDEX FUNDS,298.01001
12305,2020-07-21,VANGUARD INDEX FUNDS,298.63000
12305,2020-07-22,VANGUARD INDEX FUNDS,300.32999
12305,2020-07-23,VANGUARD INDEX FUNDS,296.73999
12305,2020-07-24,VANGUARD INDEX FUNDS,294.82001
12305,2020-07-27,VANGUARD INDEX FUNDS,296.97000
12305,2020-07-28,VANGUARD INDEX FUNDS,295.13000
12305,2020-07-29,VANGUARD INDEX FUNDS,298.70001
12305,2020-07-30,VANGUARD INDEX FUNDS,297.60999
12305,2020-07-31,VANGUARD INDEX FUNDS,300.10001
12305,2020-08-03,VANGUARD INDEX FUNDS,301.98999
12305,2020-08-04,VANGUARD INDEX FUNDS,303.26001
12305,2020-08-05,VANGUARD INDEX FUNDS,305.14999
12305,2020-08-06,VANGUARD INDEX FUNDS,307.20001
12305,2020-08-07,VANGUARD INDEX FUNDS,307.35999
12305,2020-08-10,VANGUARD INDEX FUNDS,308.34000
12305,2020-08-11,VANGUARD INDEX FUNDS,305.85001
12305,2020-08-12,VANGUARD INDEX FUNDS,310.04001
12305,2020-08-13,VANGUARD INDEX FUNDS,309.51001
12305,2020-08-14,VANGUARD INDEX FUNDS,309.51001
12305,2020-08-17,VANGUARD INDEX FUNDS,310.51001
12305,2020-08-18,VANGUARD INDEX FUNDS,311.16000
12305,2020-08-19,VANGUARD INDEX FUNDS,309.84000
12305,2020-08-20,VANGUARD INDEX FUNDS,310.82001
12305,2020-08-21,VANGUARD INDEX FUNDS,311.92999
12305,2020-08-24,VANGUARD INDEX FUNDS,315.10001
12305,2020-08-25,VANGUARD INDEX FUNDS,316.20001
12305,2020-08-26,VANGUARD INDEX FUNDS,319.42999
12305,2020-08-27,VANGUARD INDEX FUNDS,320.07001
12305,2020-08-28,VANGUARD INDEX FUNDS,322.14999
12305,2020-08-31,VANGUARD INDEX FUNDS,321.01999
12305,2020-09-01,VANGUARD INDEX FUNDS,324.01999
12305,2020-09-02,VANGUARD INDEX FUNDS,328.73999
12305,2020-09-03,VANGUARD INDEX FUNDS,317.35999
12305,2020-09-04,VANGUARD INDEX FUNDS,314.82001
12305,2020-09-08,VANGUARD INDEX FUNDS,306.17001
12305,2020-09-09,VANGUARD INDEX FUNDS,312.20999
12305,2020-09-10,VANGUARD INDEX FUNDS,306.75000
12305,2020-09-11,VANGUARD INDEX FUNDS,306.98001
12305,2020-09-14,VANGUARD INDEX FUNDS,310.97000
12305,2020-09-15,VANGUARD INDEX FUNDS,312.57001
12305,2020-09-16,VANGUARD INDEX FUNDS,311.31000
12305,2020-09-17,VANGUARD INDEX FUNDS,308.59000
12305,2020-09-18,VANGUARD INDEX FUNDS,305.00000
12305,2020-09-21,VANGUARD INDEX FUNDS,301.69000
12305,2020-09-22,VANGUARD INDEX FUNDS,304.73999
12305,2020-09-23,VANGUARD INDEX FUNDS,297.67999
12305,2020-09-24,VANGUARD INDEX FUNDS,298.50000
12305,2020-09-25,VANGUARD INDEX FUNDS,303.28000
12305,2020-09-28,VANGUARD INDEX FUNDS,308.35999
12305,2020-09-29,VANGUARD INDEX FUNDS,305.29999
12305,2020-09-30,VANGUARD INDEX FUNDS,307.64999
12305,2020-10-01,VANGUARD INDEX FUNDS,309.60001
12305,2020-10-02,VANGUARD INDEX FUNDS,306.72000
12305,2020-10-05,VANGUARD INDEX FUNDS,312.07999
12305,2020-10-06,VANGUARD INDEX FUNDS,307.72000
12305,2020-10-07,VANGUARD INDEX FUNDS,313.00000
12305,2020-10-08,VANGUARD INDEX FUNDS,315.76999
12305,2020-10-09,VANGUARD INDEX FUNDS,318.57999
12305,2020-10-12,VANGUARD INDEX FUNDS,323.72000
12305,2020-10-13,VANGUARD INDEX FUNDS,321.64999
12305,2020-10-14,VANGUARD INDEX FUNDS,319.64001
12305,2020-10-15,VANGUARD INDEX FUNDS,319.26001
12305,2020-10-16,VANGUARD INDEX FUNDS,318.98999
12305,2020-10-19,VANGUARD INDEX FUNDS,314.17001
12305,2020-10-20,VANGUARD INDEX FUNDS,315.41000
12305,2020-10-21,VANGUARD INDEX FUNDS,314.84000
12305,2020-10-22,VANGUARD INDEX FUNDS,316.57001
12305,2020-10-23,VANGUARD INDEX FUNDS,317.64999
12305,2020-10-26,VANGUARD INDEX FUNDS,311.79999
12305,2020-10-27,VANGUARD INDEX FUNDS,310.76999
12305,2020-10-28,VANGUARD INDEX FUNDS,300.07001
12305,2020-10-29,VANGUARD INDEX FUNDS,303.23001
12305,2020-10-30,VANGUARD INDEX FUNDS,299.82001
12305,2020-11-02,VANGUARD INDEX FUNDS,303.31000
12305,2020-11-03,VANGUARD INDEX FUNDS,308.66000
12305,2020-11-04,VANGUARD INDEX FUNDS,315.60999
12305,2020-11-05,VANGUARD INDEX FUNDS,321.79001
12305,2020-11-06,VANGUARD INDEX FUNDS,321.75000
12305,2020-11-09,VANGUARD INDEX FUNDS,325.76001
12305,2020-11-10,VANGUARD INDEX FUNDS,325.34000
12305,2020-11-11,VANGUARD INDEX FUNDS,327.63000
12305,2020-11-12,VANGUARD INDEX FUNDS,324.60001
12305,2020-11-13,VANGUARD INDEX FUNDS,329.01001
12305,2020-11-16,VANGUARD INDEX FUNDS,333.00000
12305,2020-11-17,VANGUARD INDEX FUNDS,331.34000
12305,2020-11-18,VANGUARD INDEX FUNDS,327.32001
12305,2020-11-19,VANGUARD INDEX FUNDS,328.69000
12305,2020-11-20,VANGUARD INDEX FUNDS,326.48999
12305,2020-11-23,VANGUARD INDEX FUNDS,328.42001
12305,2020-11-24,VANGUARD INDEX FUNDS,333.73999
12305,2020-11-25,VANGUARD INDEX FUNDS,333.19000
12305,2020-11-27,VANGUARD INDEX FUNDS,334.14001
12305,2020-11-30,VANGUARD INDEX FUNDS,332.64001
12305,2020-12-01,VANGUARD INDEX FUNDS,336.29999
12305,2020-12-02,VANGUARD INDEX FUNDS,337.01001
12305,2020-12-03,VANGUARD INDEX FUNDS,336.91000
12305,2020-12-04,VANGUARD INDEX FUNDS,339.81000
12305,2020-12-07,VANGUARD INDEX FUNDS,339.17999
12305,2020-12-08,VANGUARD INDEX FUNDS,340.16000
12305,2020-12-09,VANGUARD INDEX FUNDS,337.14001
12305,2020-12-10,VANGUARD INDEX FUNDS,336.98001
12305,2020-12-11,VANGUARD INDEX FUNDS,336.54999
12305,2020-12-14,VANGUARD INDEX FUNDS,335.01001
12305,2020-12-15,VANGUARD INDEX FUNDS,339.64001
12305,2020-12-16,VANGUARD INDEX FUNDS,340.16000
12305,2020-12-17,VANGUARD INDEX FUNDS,342.01001
12305,2020-12-18,VANGUARD INDEX FUNDS,340.64001
12305,2020-12-21,VANGUARD INDEX FUNDS,339.59000
12305,2020-12-22,VANGUARD INDEX FUNDS,337.54001
12305,2020-12-23,VANGUARD INDEX FUNDS,337.81000
12305,2020-12-24,VANGUARD INDEX FUNDS,339.16000
12305,2020-12-28,VANGUARD INDEX FUNDS,342.10999
12305,2020-12-29,VANGUARD INDEX FUNDS,341.39001
12305,2020-12-30,VANGUARD INDEX FUNDS,341.85001
12305,2020-12-31,VANGUARD INDEX FUNDS,343.69000
12305,2021-01-04,VANGUARD INDEX FUNDS,339.03000
12305,2021-01-05,VANGUARD INDEX FUNDS,341.26001
12305,2021-01-06,VANGUARD INDEX FUNDS,343.32999
12305,2021-01-07,VANGUARD INDEX FUNDS,348.45999
12305,2021-01-08,VANGUARD INDEX FUNDS,350.42001
12305,2021-01-11,VANGUARD INDEX FUNDS,348.13000
12305,2021-01-12,VANGUARD INDEX FUNDS,348.16000
12305,2021-01-13,VANGUARD INDEX FUNDS,349.03000
12305,2021-01-14,VANGUARD INDEX FUNDS,347.85001
12305,2021-01-15,VANGUARD INDEX FUNDS,345.37000
12305,2021-01-19,VANGUARD INDEX FUNDS,348.10001
12305,2021-01-20,VANGUARD INDEX FUNDS,352.82999
12305,2021-01-21,VANGUARD INDEX FUNDS,353.16000
12305,2021-01-22,VANGUARD INDEX FUNDS,351.89999
12305,2021-01-25,VANGUARD INDEX FUNDS,353.32999
12305,2021-01-26,VANGUARD INDEX FUNDS,352.79999
12305,2021-01-27,VANGUARD INDEX FUNDS,344.23999
12305,2021-01-28,VANGUARD INDEX FUNDS,347.13000
12305,2021-01-29,VANGUARD INDEX FUNDS,340.17999
12305,2021-02-01,VANGUARD INDEX FUNDS,345.76999
12305,2021-02-02,VANGUARD INDEX FUNDS,350.73999
12305,2021-02-03,VANGUARD INDEX FUNDS,351.09000
12305,2021-02-04,VANGUARD INDEX FUNDS,355.01999
12305,2021-02-05,VANGUARD INDEX FUNDS,356.44000
12305,2021-02-08,VANGUARD INDEX FUNDS,359.07001
12305,2021-02-09,VANGUARD INDEX FUNDS,358.78000
12305,2021-02-10,VANGUARD INDEX FUNDS,358.64001
12305,2021-02-11,VANGUARD INDEX FUNDS,359.22000
12305,2021-02-12,VANGUARD INDEX FUNDS,361.04999
12305,2021-02-16,VANGUARD INDEX FUNDS,360.70999
12305,2021-02-17,VANGUARD INDEX FUNDS,360.79001
12305,2021-02-18,VANGUARD INDEX FUNDS,359.25000
12305,2021-02-19,VANGUARD INDEX FUNDS,358.59000
12305,2021-02-22,VANGUARD INDEX FUNDS,355.76999
12305,2021-02-23,VANGUARD INDEX FUNDS,356.22000
12305,2021-02-24,VANGUARD INDEX FUNDS,360.16000
12305,2021-02-25,VANGUARD INDEX FUNDS,351.51999
12305,2021-02-26,VANGUARD INDEX FUNDS,349.59000
12305,2021-03-01,VANGUARD INDEX FUNDS,358.12000
12305,2021-03-02,VANGUARD INDEX FUNDS,355.35001
12305,2021-03-03,VANGUARD INDEX FUNDS,350.66000
12305,2021-03-04,VANGUARD INDEX FUNDS,346.34000
12305,2021-03-05,VANGUARD INDEX FUNDS,352.69000
12305,2021-03-08,VANGUARD INDEX FUNDS,350.95999
12305,2021-03-09,VANGUARD INDEX FUNDS,355.87000
12305,2021-03-10,VANGUARD INDEX FUNDS,358.07001
12305,2021-03-11,VANGUARD INDEX FUNDS,361.85001
12305,2021-03-12,VANGUARD INDEX FUNDS,362.35999
12305,2021-03-15,VANGUARD INDEX FUNDS,364.45999
12305,2021-03-16,VANGUARD INDEX FUNDS,364.04999
12305,2021-03-17,VANGUARD INDEX FUNDS,365.23999
12305,2021-03-18,VANGUARD INDEX FUNDS,359.87000
12305,2021-03-19,VANGUARD INDEX FUNDS,359.23001
12305,2021-03-22,VANGUARD INDEX FUNDS,362.07001
12305,2021-03-23,VANGUARD INDEX FUNDS,359.41000
12305,2021-03-24,VANGUARD INDEX FUNDS,357.42001
12305,2021-03-25,VANGUARD INDEX FUNDS,359.42999
12305,2021-03-26,VANGUARD INDEX FUNDS,364.01001
12305,2021-03-29,VANGUARD INDEX FUNDS,363.79001
12305,2021-03-30,VANGUARD INDEX FUNDS,362.85999
12305,2021-03-31,VANGUARD INDEX FUNDS,364.29999
12305,2021-04-01,VANGUARD INDEX FUNDS,368.16000
12305,2021-04-05,VANGUARD INDEX FUNDS,373.47000
12305,2021-04-06,VANGUARD INDEX FUNDS,373.26001
12305,2021-04-07,VANGUARD INDEX FUNDS,373.73001
12305,2021-04-08,VANGUARD INDEX FUNDS,375.54999
12305,2021-04-09,VANGUARD INDEX FUNDS,378.25000
12305,2021-04-12,VANGUARD INDEX FUNDS,378.42001
12305,2021-04-13,VANGUARD INDEX FUNDS,379.45001
12305,2021-04-14,VANGUARD INDEX FUNDS,378.23001
12305,2021-04-15,VANGUARD INDEX FUNDS,382.29001
12305,2021-04-16,VANGUARD INDEX FUNDS,383.63000
12305,2021-04-19,VANGUARD INDEX FUNDS,381.73999
12305,2021-04-20,VANGUARD INDEX FUNDS,378.94000
12305,2021-04-21,VANGUARD INDEX FUNDS,382.50000
12305,2021-04-22,VANGUARD INDEX FUNDS,378.98999
12305,2021-04-23,VANGUARD INDEX FUNDS,383.03000
12305,2021-04-26,VANGUARD INDEX FUNDS,383.85999
12305,2021-04-27,VANGUARD INDEX FUNDS,383.73999
12305,2021-04-28,VANGUARD INDEX FUNDS,383.56000
12305,2021-04-29,VANGUARD INDEX FUNDS,386.12000
12305,2021-04-30,VANGUARD INDEX FUNDS,383.57001
12305,2021-05-03,VANGUARD INDEX FUNDS,384.44000
12305,2021-05-04,VANGUARD INDEX FUNDS,382.10001
12305,2021-05-05,VANGUARD INDEX FUNDS,382.17001
12305,2021-05-06,VANGUARD INDEX FUNDS,385.28000
12305,2021-05-07,VANGUARD INDEX FUNDS,388.03000
12305,2021-05-10,VANGUARD INDEX FUNDS,384.23001
12305,2021-05-11,VANGUARD INDEX FUNDS,380.85999
12305,2021-05-12,VANGUARD INDEX FUNDS,372.73001
12305,2021-05-13,VANGUARD INDEX FUNDS,377.16000
12305,2021-05-14,VANGUARD INDEX FUNDS,382.95001
12305,2021-05-17,VANGUARD INDEX FUNDS,382.03000
12305,2021-05-18,VANGUARD INDEX FUNDS,378.73001
12305,2021-05-19,VANGUARD INDEX FUNDS,377.73001
12305,2021-05-20,VANGUARD INDEX FUNDS,381.76001
12305,2021-05-21,VANGUARD INDEX FUNDS,381.47000
12305,2021-05-24,VANGUARD INDEX FUNDS,385.32001
12305,2021-05-25,VANGUARD INDEX FUNDS,384.51001
12305,2021-05-26,VANGUARD INDEX FUNDS,385.20999
12305,2021-05-27,VANGUARD INDEX FUNDS,385.38000
12305,2021-05-28,VANGUARD INDEX FUNDS,386.13000
12305,2021-06-01,VANGUARD INDEX FUNDS,385.82999
12305,2021-06-02,VANGUARD INDEX FUNDS,386.48001
12305,2021-06-03,VANGUARD INDEX FUNDS,385.01001
12305,2021-06-04,VANGUARD INDEX FUNDS,388.50000
12305,2021-06-07,VANGUARD INDEX FUNDS,388.17001
12305,2021-06-08,VANGUARD INDEX FUNDS,388.23001
12305,2021-06-09,VANGUARD INDEX FUNDS,387.62000
12305,2021-06-10,VANGUARD INDEX FUNDS,389.41000
12305,2021-06-11,VANGUARD INDEX FUNDS,390.09000
12305,2021-06-14,VANGUARD INDEX FUNDS,391.07001
12305,2021-06-15,VANGUARD INDEX FUNDS,390.25000
12305,2021-06-16,VANGUARD INDEX FUNDS,388.10999
12305,2021-06-17,VANGUARD INDEX FUNDS,387.97000
12305,2021-06-18,VANGUARD INDEX FUNDS,382.82001
12305,2021-06-21,VANGUARD INDEX FUNDS,388.17999
12305,2021-06-22,VANGUARD INDEX FUNDS,390.23999
12305,2021-06-23,VANGUARD INDEX FUNDS,389.82001
12305,2021-06-24,VANGUARD INDEX FUNDS,392.04999
12305,2021-06-25,VANGUARD INDEX FUNDS,393.50000
12305,2021-06-28,VANGUARD INDEX FUNDS,394.32001
12305,2021-06-29,VANGUARD INDEX FUNDS,393.16000
12305,2021-06-30,VANGUARD INDEX FUNDS,393.51999
12305,2021-07-01,VANGUARD INDEX FUNDS,395.73999
12305,2021-07-02,VANGUARD INDEX FUNDS,398.75000
12305,2021-07-06,VANGUARD INDEX FUNDS,398.00000
12305,2021-07-07,VANGUARD INDEX FUNDS,399.37000
12305,2021-07-08,VANGUARD INDEX FUNDS,396.19000
12305,2021-07-09,VANGUARD INDEX FUNDS,400.37000
12305,2021-07-12,VANGUARD INDEX FUNDS,401.82001
12305,2021-07-13,VANGUARD INDEX FUNDS,400.45999
12305,2021-07-14,VANGUARD INDEX FUNDS,401.01001
12305,2021-07-15,VANGUARD INDEX FUNDS,399.72000
12305,2021-07-16,VANGUARD INDEX FUNDS,396.60999
12305,2021-07-19,VANGUARD INDEX FUNDS,390.67999
12305,2021-07-20,VANGUARD INDEX FUNDS,396.20001
12305,2021-07-21,VANGUARD INDEX FUNDS,399.53000
12305,2021-07-22,VANGUARD INDEX FUNDS,400.38000
12305,2021-07-23,VANGUARD INDEX FUNDS,404.38000
12305,2021-07-26,VANGUARD INDEX FUNDS,405.41000
12305,2021-07-27,VANGUARD INDEX FUNDS,403.60999
12305,2021-07-28,VANGUARD INDEX FUNDS,403.39001
12305,2021-07-29,VANGUARD INDEX FUNDS,405.13000
12305,2021-07-30,VANGUARD INDEX FUNDS,403.14999
12305,2021-08-02,VANGUARD INDEX FUNDS,402.32999
12305,2021-08-03,VANGUARD INDEX FUNDS,405.57999
12305,2021-08-04,VANGUARD INDEX FUNDS,403.64001
12305,2021-08-05,VANGUARD INDEX FUNDS,406.16000
12305,2021-08-06,VANGUARD INDEX FUNDS,406.85999
12305,2021-08-09,VANGUARD INDEX FUNDS,406.47000
12305,2021-08-10,VANGUARD INDEX FUNDS,406.98001
12305,2021-08-11,VANGUARD INDEX FUNDS,407.95999
12305,2021-08-12,VANGUARD INDEX FUNDS,409.14999
12305,2021-08-13,VANGUARD INDEX FUNDS,409.95999
12305,2021-08-16,VANGUARD INDEX FUNDS,410.94000
12305,2021-08-17,VANGUARD INDEX FUNDS,408.23001
12305,2021-08-18,VANGUARD INDEX FUNDS,403.84000
12305,2021-08-19,VANGUARD INDEX FUNDS,404.41000
12305,2021-08-20,VANGUARD INDEX FUNDS,407.60999
12305,2021-08-23,VANGUARD INDEX FUNDS,411.22000
12305,2021-08-24,VANGUARD INDEX FUNDS,411.87000
12305,2021-08-25,VANGUARD INDEX FUNDS,412.63000
12305,2021-08-26,VANGUARD INDEX FUNDS,410.22000
12305,2021-08-27,VANGUARD INDEX FUNDS,413.85999
12305,2021-08-30,VANGUARD INDEX FUNDS,415.76001
12305,2021-08-31,VANGUARD INDEX FUNDS,415.04999
12305,2021-09-01,VANGUARD INDEX FUNDS,415.48999
12305,2021-09-02,VANGUARD INDEX FUNDS,416.73001
12305,2021-09-03,VANGUARD INDEX FUNDS,416.57001
12305,2021-09-07,VANGUARD INDEX FUNDS,415.03000
12305,2021-09-08,VANGUARD INDEX FUNDS,414.63000
12305,2021-09-09,VANGUARD INDEX FUNDS,412.76999
12305,2021-09-10,VANGUARD INDEX FUNDS,409.57999
12305,2021-09-13,VANGUARD INDEX FUNDS,410.54001
12305,2021-09-14,VANGUARD INDEX FUNDS,408.41000
12305,2021-09-15,VANGUARD INDEX FUNDS,411.82001
12305,2021-09-16,VANGUARD INDEX FUNDS,411.10999
12305,2021-09-17,VANGUARD INDEX FUNDS,407.07999
12305,2021-09-20,VANGUARD INDEX FUNDS,400.42999
12305,2021-09-21,VANGUARD INDEX FUNDS,400.04001
12305,2021-09-22,VANGUARD INDEX FUNDS,403.89999
12305,2021-09-23,VANGUARD INDEX FUNDS,408.78000
12305,2021-09-24,VANGUARD INDEX FUNDS,409.45999
12305,2021-09-27,VANGUARD INDEX FUNDS,408.29999
12305,2021-09-28,VANGUARD INDEX FUNDS,400.14001
12305,2021-09-29,VANGUARD INDEX FUNDS,399.45999
12305,2021-09-30,VANGUARD INDEX FUNDS,394.39999
12305,2021-10-01,VANGUARD INDEX FUNDS,399.12000
12305,2021-10-04,VANGUARD INDEX FUNDS,394.20999
12305,2021-10-05,VANGUARD INDEX FUNDS,398.04001
12305,2021-10-06,VANGUARD INDEX FUNDS,399.81000
12305,2021-10-07,VANGUARD INDEX FUNDS,403.25000
12305,2021-10-08,VANGUARD INDEX FUNDS,402.48999
12305,2021-10-11,VANGUARD INDEX FUNDS,399.56000
12305,2021-10-12,VANGUARD INDEX FUNDS,398.76001
12305,2021-10-13,VANGUARD INDEX FUNDS,400.04001
12305,2021-10-14,VANGUARD INDEX FUNDS,406.76001
12305,2021-10-15,VANGUARD INDEX FUNDS,409.92999
12305,2021-10-18,VANGUARD INDEX FUNDS,411.17999
12305,2021-10-19,VANGUARD INDEX FUNDS,414.38000
12305,2021-10-20,VANGUARD INDEX FUNDS,415.98999
12305,2021-10-21,VANGUARD INDEX FUNDS,417.01001
12305,2021-10-22,VANGUARD INDEX FUNDS,416.59000
12305,2021-10-25,VANGUARD INDEX FUNDS,418.75000
12305,2021-10-26,VANGUARD INDEX FUNDS,419.14999
12305,2021-10-27,VANGUARD INDEX FUNDS,417.32999
12305,2021-10-28,VANGUARD INDEX FUNDS,421.41000
12305,2021-10-29,VANGUARD INDEX FUNDS,422.16000
12305,2021-11-01,VANGUARD INDEX FUNDS,423.04999
12305,2021-11-02,VANGUARD INDEX FUNDS,424.69000
12305,2021-11-03,VANGUARD INDEX FUNDS,427.25000
12305,2021-11-04,VANGUARD INDEX FUNDS,429.25000
12305,2021-11-05,VANGUARD INDEX FUNDS,430.70999
12305,2021-11-08,VANGUARD INDEX FUNDS,431.23001
12305,2021-11-09,VANGUARD INDEX FUNDS,429.72000
12305,2021-11-10,VANGUARD INDEX FUNDS,426.26001
12305,2021-11-11,VANGUARD INDEX FUNDS,426.39999
12305,2021-11-12,VANGUARD INDEX FUNDS,429.57001
12305,2021-11-15,VANGUARD INDEX FUNDS,429.76999
12305,2021-11-16,VANGUARD INDEX FUNDS,431.41000
12305,2021-11-17,VANGUARD INDEX FUNDS,430.37000
12305,2021-11-18,VANGUARD INDEX FUNDS,431.85999
12305,2021-11-19,VANGUARD INDEX FUNDS,431.04999
12305,2021-11-22,VANGUARD INDEX FUNDS,429.91000
12305,2021-11-23,VANGUARD INDEX FUNDS,430.47000
12305,2021-11-24,VANGUARD INDEX FUNDS,431.53000
12305,2021-11-26,VANGUARD INDEX FUNDS,422.14001
12305,2021-11-29,VANGUARD INDEX FUNDS,427.23999
12305,2021-11-30,VANGUARD INDEX FUNDS,419.06000
12305,2021-12-01,VANGUARD INDEX FUNDS,414.23999
12305,2021-12-02,VANGUARD INDEX FUNDS,420.56000
12305,2021-12-03,VANGUARD INDEX FUNDS,416.84000
12305,2021-12-06,VANGUARD INDEX FUNDS,421.82001
12305,2021-12-07,VANGUARD INDEX FUNDS,430.48999
12305,2021-12-08,VANGUARD INDEX FUNDS,431.70001
12305,2021-12-09,VANGUARD INDEX FUNDS,428.76001
12305,2021-12-10,VANGUARD INDEX FUNDS,432.85001
12305,2021-12-13,VANGUARD INDEX FUNDS,429.01001
12305,2021-12-14,VANGUARD INDEX FUNDS,426.09000
12305,2021-12-15,VANGUARD INDEX FUNDS,432.75000
12305,2021-12-16,VANGUARD INDEX FUNDS,428.84000
12305,2021-12-17,VANGUARD INDEX FUNDS,424.39001
12305,2021-12-20,VANGUARD INDEX FUNDS,419.79999
12305,2021-12-21,VANGUARD INDEX FUNDS,425.69000
12305,2021-12-22,VANGUARD INDEX FUNDS,429.98999
12305,2021-12-23,VANGUARD INDEX FUNDS,432.64001
12305,2021-12-27,VANGUARD INDEX FUNDS,438.81000
12305,2021-12-28,VANGUARD INDEX FUNDS,438.48001
12305,2021-12-29,VANGUARD INDEX FUNDS,439.01001
12305,2021-12-30,VANGUARD INDEX FUNDS,437.76999
12305,2021-12-31,VANGUARD INDEX FUNDS,436.57001
12305,2022-01-03,VANGUARD INDEX FUNDS,439.25000
12305,2022-01-04,VANGUARD INDEX FUNDS,439.07001
12305,2022-01-05,VANGUARD INDEX FUNDS,430.66000
12305,2022-01-06,VANGUARD INDEX FUNDS,430.07999
12305,2022-01-07,VANGUARD INDEX FUNDS,428.59000
12305,2022-01-10,VANGUARD INDEX FUNDS,428.03000
12305,2022-01-11,VANGUARD INDEX FUNDS,431.78000
12305,2022-01-12,VANGUARD INDEX FUNDS,433.07001
12305,2022-01-13,VANGUARD INDEX FUNDS,427.10001
12305,2022-01-14,VANGUARD INDEX FUNDS,427.23001
12305,2022-01-18,VANGUARD INDEX FUNDS,419.73999
12305,2022-01-19,VANGUARD INDEX FUNDS,415.32999
12305,2022-01-20,VANGUARD INDEX FUNDS,410.76001
12305,2022-01-21,VANGUARD INDEX FUNDS,402.69000
12305,2022-01-24,VANGUARD INDEX FUNDS,404.37000
12305,2022-01-25,VANGUARD INDEX FUNDS,399.45999
12305,2022-01-26,VANGUARD INDEX FUNDS,398.56000
12305,2022-01-27,VANGUARD INDEX FUNDS,396.54001
12305,2022-01-28,VANGUARD INDEX FUNDS,406.26001
12305,2022-01-31,VANGUARD INDEX FUNDS,413.69000
12305,2022-02-01,VANGUARD INDEX FUNDS,416.39001
12305,2022-02-02,VANGUARD INDEX FUNDS,420.35999
12305,2022-02-03,VANGUARD INDEX FUNDS,410.59000
12305,2022-02-04,VANGUARD INDEX FUNDS,412.51999
12305,2022-02-07,VANGUARD INDEX FUNDS,411.16000
12305,2022-02-08,VANGUARD INDEX FUNDS,414.48999
12305,2022-02-09,VANGUARD INDEX FUNDS,420.57001
12305,2022-02-10,VANGUARD INDEX FUNDS,413.17999
12305,2022-02-11,VANGUARD INDEX FUNDS,404.94000
12305,2022-02-14,VANGUARD INDEX FUNDS,403.62000
12305,2022-02-15,VANGUARD INDEX FUNDS,410.10001
12305,2022-02-16,VANGUARD INDEX FUNDS,410.59000
12305,2022-02-17,VANGUARD INDEX FUNDS,401.85999
12305,2022-02-18,VANGUARD INDEX FUNDS,399.29001
12305,2022-02-22,VANGUARD INDEX FUNDS,394.92001
12305,2022-02-23,VANGUARD INDEX FUNDS,387.81000
12305,2022-02-24,VANGUARD INDEX FUNDS,393.76999
12305,2022-02-25,VANGUARD INDEX FUNDS,402.37000
12305,2022-02-28,VANGUARD INDEX FUNDS,401.35999
12305,2022-03-01,VANGUARD INDEX FUNDS,395.34000
12305,2022-03-02,VANGUARD INDEX FUNDS,402.60001
12305,2022-03-03,VANGUARD INDEX FUNDS,400.57999
12305,2022-03-04,VANGUARD INDEX FUNDS,397.34000
12305,2022-03-07,VANGUARD INDEX FUNDS,385.60999
12305,2022-03-08,VANGUARD INDEX FUNDS,382.70001
12305,2022-03-09,VANGUARD INDEX FUNDS,392.89999
12305,2022-03-10,VANGUARD INDEX FUNDS,391.14999
12305,2022-03-11,VANGUARD INDEX FUNDS,386.16000
12305,2022-03-14,VANGUARD INDEX FUNDS,383.34000
12305,2022-03-15,VANGUARD INDEX FUNDS,391.75000
12305,2022-03-16,VANGUARD INDEX FUNDS,400.51001
12305,2022-03-17,VANGUARD INDEX FUNDS,405.41000
12305,2022-03-18,VANGUARD INDEX FUNDS,409.89001
12305,2022-03-21,VANGUARD INDEX FUNDS,409.91000
12305,2022-03-22,VANGUARD INDEX FUNDS,414.67001
12305,2022-03-23,VANGUARD INDEX FUNDS,409.32999
12305,2022-03-24,VANGUARD INDEX FUNDS,414.01999
12305,2022-03-25,VANGUARD INDEX FUNDS,416.12000
12305,2022-03-28,VANGUARD INDEX FUNDS,418.98999
12305,2022-03-29,VANGUARD INDEX FUNDS,424.29001
12305,2022-03-30,VANGUARD INDEX FUNDS,421.64999
12305,2022-03-31,VANGUARD INDEX FUNDS,415.17001
12305,2022-04-01,VANGUARD INDEX FUNDS,416.32001
12305,2022-04-04,VANGUARD INDEX FUNDS,419.85001
12305,2022-04-05,VANGUARD INDEX FUNDS,414.66000
12305,2022-04-06,VANGUARD INDEX FUNDS,410.45999
12305,2022-04-07,VANGUARD INDEX FUNDS,412.53000
12305,2022-04-08,VANGUARD INDEX FUNDS,411.53000
12305,2022-04-11,VANGUARD INDEX FUNDS,404.39999
12305,2022-04-12,VANGUARD INDEX FUNDS,402.92001
12305,2022-04-13,VANGUARD INDEX FUNDS,407.47000
12305,2022-04-14,VANGUARD INDEX FUNDS,402.51999
12305,2022-04-18,VANGUARD INDEX FUNDS,402.59000
12305,2022-04-19,VANGUARD INDEX FUNDS,409.01999
12305,2022-04-20,VANGUARD INDEX FUNDS,408.70999
12305,2022-04-21,VANGUARD INDEX FUNDS,402.64999
12305,2022-04-22,VANGUARD INDEX FUNDS,391.66000
12305,2022-04-25,VANGUARD INDEX FUNDS,393.79999
12305,2022-04-26,VANGUARD INDEX FUNDS,382.54001
12305,2022-04-27,VANGUARD INDEX FUNDS,383.53000
12305,2022-04-28,VANGUARD INDEX FUNDS,393.14001
12305,2022-04-29,VANGUARD INDEX FUNDS,378.70001
12305,2022-05-02,VANGUARD INDEX FUNDS,381.07999
12305,2022-05-03,VANGUARD INDEX FUNDS,382.73001
12305,2022-05-04,VANGUARD INDEX FUNDS,394.34000
12305,2022-05-05,VANGUARD INDEX FUNDS,380.48999
12305,2022-05-06,VANGUARD INDEX FUNDS,378.10001
12305,2022-05-09,VANGUARD INDEX FUNDS,365.89999
12305,2022-05-10,VANGUARD INDEX FUNDS,366.84000
12305,2022-05-11,VANGUARD INDEX FUNDS,360.92999
12305,2022-05-12,VANGUARD INDEX FUNDS,360.64999
12305,2022-05-13,VANGUARD INDEX FUNDS,369.16000
12305,2022-05-16,VANGUARD INDEX FUNDS,367.84000
12305,2022-05-17,VANGUARD INDEX FUNDS,375.20001
12305,2022-05-18,VANGUARD INDEX FUNDS,360.34000
12305,2022-05-19,VANGUARD INDEX FUNDS,357.92999
12305,2022-05-20,VANGUARD INDEX FUNDS,358.01999
12305,2022-05-23,VANGUARD INDEX FUNDS,364.81000
12305,2022-05-24,VANGUARD INDEX FUNDS,362.17999
12305,2022-05-25,VANGUARD INDEX FUNDS,365.20001
12305,2022-05-26,VANGUARD INDEX FUNDS,372.45999
12305,2022-05-27,VANGUARD INDEX FUNDS,381.79999
12305,2022-05-31,VANGUARD INDEX FUNDS,379.67999
12305,2022-06-01,VANGUARD INDEX FUNDS,376.50000
12305,2022-06-02,VANGUARD INDEX FUNDS,383.64999
12305,2022-06-03,VANGUARD INDEX FUNDS,377.44000
12305,2022-06-06,VANGUARD INDEX FUNDS,378.47000
12305,2022-06-07,VANGUARD INDEX FUNDS,382.17001
12305,2022-06-08,VANGUARD INDEX FUNDS,377.98999
12305,2022-06-09,VANGUARD INDEX FUNDS,369.10001
12305,2022-06-10,VANGUARD INDEX FUNDS,358.26999
12305,2022-06-13,VANGUARD INDEX FUNDS,344.45999
12305,2022-06-14,VANGUARD INDEX FUNDS,343.60001
12305,2022-06-15,VANGUARD INDEX FUNDS,348.51999
12305,2022-06-16,VANGUARD INDEX FUNDS,337.07001
12305,2022-06-17,VANGUARD INDEX FUNDS,337.95001
12305,2022-06-21,VANGUARD INDEX FUNDS,346.23001
12305,2022-06-22,VANGUARD INDEX FUNDS,345.50000
12305,2022-06-23,VANGUARD INDEX FUNDS,349.13000
12305,2022-06-24,VANGUARD INDEX FUNDS,360.00000
12305,2022-06-27,VANGUARD INDEX FUNDS,358.64999
12305,2022-06-28,VANGUARD INDEX FUNDS,350.89999
12305,2022-06-29,VANGUARD INDEX FUNDS,349.64001
12305,2022-06-30,VANGUARD INDEX FUNDS,346.88000
12305,2022-07-01,VANGUARD INDEX FUNDS,350.44000
12305,2022-07-05,VANGUARD INDEX FUNDS,351.06000
12305,2022-07-06,VANGUARD INDEX FUNDS,352.32999
12305,2022-07-07,VANGUARD INDEX FUNDS,357.50000
12305,2022-07-08,VANGUARD INDEX FUNDS,357.29001
12305,2022-07-11,VANGUARD INDEX FUNDS,353.25000
12305,2022-07-12,VANGUARD INDEX FUNDS,349.98999
12305,2022-07-13,VANGUARD INDEX FUNDS,348.35999
12305,2022-07-14,VANGUARD INDEX FUNDS,347.44000
12305,2022-07-15,VANGUARD INDEX FUNDS,354.01001
12305,2022-07-18,VANGUARD INDEX FUNDS,351.07999
12305,2022-07-19,VANGUARD INDEX FUNDS,360.60999
12305,2022-07-20,VANGUARD INDEX FUNDS,362.92001
12305,2022-07-21,VANGUARD INDEX FUNDS,366.59000
12305,2022-07-22,VANGUARD INDEX FUNDS,363.25000
12305,2022-07-25,VANGUARD INDEX FUNDS,363.60999
12305,2022-07-26,VANGUARD INDEX FUNDS,359.25000
12305,2022-07-27,VANGUARD INDEX FUNDS,368.66000
12305,2022-07-28,VANGUARD INDEX FUNDS,373.32001
12305,2022-07-29,VANGUARD INDEX FUNDS,378.79001
12305,2022-08-01,VANGUARD INDEX FUNDS,377.64999
12305,2022-08-02,VANGUARD INDEX FUNDS,375.20999
12305,2022-08-03,VANGUARD INDEX FUNDS,381.07001
12305,2022-08-04,VANGUARD INDEX FUNDS,380.76999
12305,2022-08-05,VANGUARD INDEX FUNDS,379.98001
12305,2022-08-08,VANGUARD INDEX FUNDS,379.64001
12305,2022-08-09,VANGUARD INDEX FUNDS,378.14001
12305,2022-08-10,VANGUARD INDEX FUNDS,386.06000
12305,2022-08-11,VANGUARD INDEX FUNDS,386.06000
12305,2022-08-12,VANGUARD INDEX FUNDS,392.67001
12305,2022-08-15,VANGUARD INDEX FUNDS,394.35001
12305,2022-08-16,VANGUARD INDEX FUNDS,395.04001
12305,2022-08-17,VANGUARD INDEX FUNDS,392.34000
12305,2022-08-18,VANGUARD INDEX FUNDS,393.54999
12305,2022-08-19,VANGUARD INDEX FUNDS,388.12000
12305,2022-08-22,VANGUARD INDEX FUNDS,379.94000
12305,2022-08-23,VANGUARD INDEX FUNDS,379.04001
12305,2022-08-24,VANGUARD INDEX FUNDS,380.19000
12305,2022-08-25,VANGUARD INDEX FUNDS,385.73001
12305,2022-08-26,VANGUARD INDEX FUNDS,372.51001
12305,2022-08-29,VANGUARD INDEX FUNDS,370.04999
12305,2022-08-30,VANGUARD INDEX FUNDS,366.03000
12305,2022-08-31,VANGUARD INDEX FUNDS,363.14999
12305,2022-09-01,VANGUARD INDEX FUNDS,364.26999
12305,2022-09-02,VANGUARD INDEX FUNDS,360.45001
12305,2022-09-06,VANGUARD INDEX FUNDS,359.23999
12305,2022-09-07,VANGUARD INDEX FUNDS,365.67999
12305,2022-09-08,VANGUARD INDEX FUNDS,368.07001
12305,2022-09-09,VANGUARD INDEX FUNDS,373.75000
12305,2022-09-12,VANGUARD INDEX FUNDS,377.85999
12305,2022-09-13,VANGUARD INDEX FUNDS,361.38000
12305,2022-09-14,VANGUARD INDEX FUNDS,362.73001
12305,2022-09-15,VANGUARD INDEX FUNDS,358.67999
12305,2022-09-16,VANGUARD INDEX FUNDS,355.85999
12305,2022-09-19,VANGUARD INDEX FUNDS,358.59000
12305,2022-09-20,VANGUARD INDEX FUNDS,354.54999
12305,2022-09-21,VANGUARD INDEX FUNDS,348.31000
12305,2022-09-22,VANGUARD INDEX FUNDS,345.37000
12305,2022-09-23,VANGUARD INDEX FUNDS,339.63000
12305,2022-09-26,VANGUARD INDEX FUNDS,336.34000
12305,2022-09-27,VANGUARD INDEX FUNDS,335.39001
12305,2022-09-28,VANGUARD INDEX FUNDS,340.48001
12305,2022-09-29,VANGUARD INDEX FUNDS,333.38000
12305,2022-09-30,VANGUARD INDEX FUNDS,328.29999
12305,2022-10-03,VANGUARD INDEX FUNDS,336.98001
12305,2022-10-04,VANGUARD INDEX FUNDS,347.20999
12305,2022-10-05,VANGUARD INDEX FUNDS,346.60999
12305,2022-10-06,VANGUARD INDEX FUNDS,342.95999
12305,2022-10-07,VANGUARD INDEX FUNDS,333.32999
12305,2022-10-10,VANGUARD INDEX FUNDS,330.84000
12305,2022-10-11,VANGUARD INDEX FUNDS,328.66000
12305,2022-10-12,VANGUARD INDEX FUNDS,327.64001
12305,2022-10-13,VANGUARD INDEX FUNDS,336.22000
12305,2022-10-14,VANGUARD INDEX FUNDS,328.64999
12305,2022-10-17,VANGUARD INDEX FUNDS,337.00000
12305,2022-10-18,VANGUARD INDEX FUNDS,340.97000
12305,2022-10-19,VANGUARD INDEX FUNDS,338.60999
12305,2022-10-20,VANGUARD INDEX FUNDS,335.82999
12305,2022-10-21,VANGUARD INDEX FUNDS,343.89999
12305,2022-10-24,VANGUARD INDEX FUNDS,348.09000
12305,2022-10-25,VANGUARD INDEX FUNDS,353.75000
12305,2022-10-26,VANGUARD INDEX FUNDS,351.10999
12305,2022-10-27,VANGUARD INDEX FUNDS,349.23001
12305,2022-10-28,VANGUARD INDEX FUNDS,357.38000
12305,2022-10-31,VANGUARD INDEX FUNDS,354.95001
12305,2022-11-01,VANGUARD INDEX FUNDS,353.51999
12305,2022-11-02,VANGUARD INDEX FUNDS,344.50000
12305,2022-11-03,VANGUARD INDEX FUNDS,340.82999
12305,2022-11-04,VANGUARD INDEX FUNDS,345.82001
12305,2022-11-07,VANGUARD INDEX FUNDS,349.14001
12305,2022-11-08,VANGUARD INDEX FUNDS,351.04001
12305,2022-11-09,VANGUARD INDEX FUNDS,343.87000
12305,2022-11-10,VANGUARD INDEX FUNDS,362.69000
12305,2022-11-11,VANGUARD INDEX FUNDS,366.16000
12305,2022-11-14,VANGUARD INDEX FUNDS,363.22000
12305,2022-11-15,VANGUARD INDEX FUNDS,366.22000
12305,2022-11-16,VANGUARD INDEX FUNDS,363.44000
12305,2022-11-17,VANGUARD INDEX FUNDS,362.39001
12305,2022-11-18,VANGUARD INDEX FUNDS,363.98999
12305,2022-11-21,VANGUARD INDEX FUNDS,362.70999
12305,2022-11-22,VANGUARD INDEX FUNDS,367.54001
12305,2022-11-23,VANGUARD INDEX FUNDS,369.84000
12305,2022-11-25,VANGUARD INDEX FUNDS,369.79999
12305,2022-11-28,VANGUARD INDEX FUNDS,363.95001
12305,2022-11-29,VANGUARD INDEX FUNDS,363.31000
12305,2022-11-30,VANGUARD INDEX FUNDS,374.48999
12305,2022-12-01,VANGUARD INDEX FUNDS,374.54001
12305,2022-12-02,VANGUARD INDEX FUNDS,374.00000
12305,2022-12-05,VANGUARD INDEX FUNDS,367.34000
12305,2022-12-06,VANGUARD INDEX FUNDS,362.03000
12305,2022-12-07,VANGUARD INDEX FUNDS,361.32999
12305,2022-12-08,VANGUARD INDEX FUNDS,364.17999
12305,2022-12-09,VANGUARD INDEX FUNDS,361.51999
12305,2022-12-12,VANGUARD INDEX FUNDS,366.67999
12305,2022-12-13,VANGUARD INDEX FUNDS,369.39001
12305,2022-12-14,VANGUARD INDEX FUNDS,367.16000
12305,2022-12-15,VANGUARD INDEX FUNDS,358.13000
12305,2022-12-16,VANGUARD INDEX FUNDS,353.85999
12305,2022-12-19,VANGUARD INDEX FUNDS,350.81000
12305,2022-12-20,VANGUARD INDEX FUNDS,349.67001
12305,2022-12-21,VANGUARD INDEX FUNDS,354.89999
12305,2022-12-22,VANGUARD INDEX FUNDS,349.91000
12305,2022-12-23,VANGUARD INDEX FUNDS,351.87000
12305,2022-12-27,VANGUARD INDEX FUNDS,350.47000
12305,2022-12-28,VANGUARD INDEX FUNDS,346.17001
12305,2022-12-29,VANGUARD INDEX FUNDS,352.31000
12305,2022-12-30,VANGUARD INDEX FUNDS,351.34000
12305,2023-01-03,VANGUARD INDEX FUNDS,349.98999
12305,2023-01-04,VANGUARD INDEX FUNDS,352.51001
12305,2023-01-05,VANGUARD INDEX FUNDS,348.66000
12305,2023-01-06,VANGUARD INDEX FUNDS,356.59000
12305,2023-01-09,VANGUARD INDEX FUNDS,356.32999
12305,2023-01-10,VANGUARD INDEX FUNDS,358.87000
12305,2023-01-11,VANGUARD INDEX FUNDS,363.45001
12305,2023-01-12,VANGUARD INDEX FUNDS,364.81000
12305,2023-01-13,VANGUARD INDEX FUNDS,366.23001
12305,2023-01-17,VANGUARD INDEX FUNDS,365.67001
12305,2023-01-18,VANGUARD INDEX FUNDS,359.73001
12305,2023-01-19,VANGUARD INDEX FUNDS,357.14001
12305,2023-01-20,VANGUARD INDEX FUNDS,363.70999
12305,2023-01-23,VANGUARD INDEX FUNDS,368.14001
12305,2023-01-24,VANGUARD INDEX FUNDS,367.75000
12305,2023-01-25,VANGUARD INDEX FUNDS,367.88000
12305,2023-01-26,VANGUARD INDEX FUNDS,371.81000
12305,2023-01-27,VANGUARD INDEX FUNDS,372.87000
12305,2023-01-30,VANGUARD INDEX FUNDS,368.20999
12305,2023-01-31,VANGUARD INDEX FUNDS,373.44000
12305,2023-02-01,VANGUARD INDEX FUNDS,377.53000
12305,2023-02-02,VANGUARD INDEX FUNDS,382.94000
12305,2023-02-03,VANGUARD INDEX FUNDS,378.85001
12305,2023-02-06,VANGUARD INDEX FUNDS,376.66000
12305,2023-02-07,VANGUARD INDEX FUNDS,381.51999
12305,2023-02-08,VANGUARD INDEX FUNDS,377.34000
12305,2023-02-09,VANGUARD INDEX FUNDS,374.10999
12305,2023-02-10,VANGUARD INDEX FUNDS,375.01999
12305,2023-02-13,VANGUARD INDEX FUNDS,379.35001
12305,2023-02-14,VANGUARD INDEX FUNDS,379.20999
12305,2023-02-15,VANGUARD INDEX FUNDS,380.48001
12305,2023-02-16,VANGUARD INDEX FUNDS,375.19000
12305,2023-02-17,VANGUARD INDEX FUNDS,374.22000
12305,2023-02-21,VANGUARD INDEX FUNDS,366.79001
12305,2023-02-22,VANGUARD INDEX FUNDS,366.32999
12305,2023-02-23,VANGUARD INDEX FUNDS,368.17001
12305,2023-02-24,VANGUARD INDEX FUNDS,364.23001
12305,2023-02-27,VANGUARD INDEX FUNDS,365.48999
12305,2023-02-28,VANGUARD INDEX FUNDS,364.10999
12305,2023-03-01,VANGUARD INDEX FUNDS,362.78000
12305,2023-03-02,VANGUARD INDEX FUNDS,365.48999
12305,2023-03-03,VANGUARD INDEX FUNDS,371.28000
12305,2023-03-06,VANGUARD INDEX FUNDS,371.73001
12305,2023-03-07,VANGUARD INDEX FUNDS,365.98001
12305,2023-03-08,VANGUARD INDEX FUNDS,366.54999
12305,2023-03-09,VANGUARD INDEX FUNDS,359.84000
12305,2023-03-10,VANGUARD INDEX FUNDS,354.67999
12305,2023-03-13,VANGUARD INDEX FUNDS,354.07999
12305,2023-03-14,VANGUARD INDEX FUNDS,359.95999
12305,2023-03-15,VANGUARD INDEX FUNDS,357.73999
12305,2023-03-16,VANGUARD INDEX FUNDS,363.85999
12305,2023-03-17,VANGUARD INDEX FUNDS,359.88000
12305,2023-03-20,VANGUARD INDEX FUNDS,363.13000
12305,2023-03-21,VANGUARD INDEX FUNDS,367.88000
12305,2023-03-22,VANGUARD INDEX FUNDS,361.78000
12305,2023-03-23,VANGUARD INDEX FUNDS,362.64001
12305,2023-03-24,VANGUARD INDEX FUNDS,363.56000
12305,2023-03-27,VANGUARD INDEX FUNDS,364.16000
12305,2023-03-28,VANGUARD INDEX FUNDS,363.51999
12305,2023-03-29,VANGUARD INDEX FUNDS,368.69000
12305,2023-03-30,VANGUARD INDEX FUNDS,370.89001
12305,2023-03-31,VANGUARD INDEX FUNDS,376.07001
12305,2023-04-03,VANGUARD INDEX FUNDS,377.56000
12305,2023-04-04,VANGUARD INDEX FUNDS,375.42999
12305,2023-04-05,VANGUARD INDEX FUNDS,374.51999
12305,2023-04-06,VANGUARD INDEX FUNDS,375.95001
12305,2023-04-10,VANGUARD INDEX FUNDS,376.35999
12305,2023-04-11,VANGUARD INDEX FUNDS,376.41000
12305,2023-04-12,VANGUARD INDEX FUNDS,374.91000
12305,2023-04-13,VANGUARD INDEX FUNDS,379.76999
12305,2023-04-14,VANGUARD INDEX FUNDS,378.98999
12305,2023-04-17,VANGUARD INDEX FUNDS,380.28000
12305,2023-04-18,VANGUARD INDEX FUNDS,380.54001
12305,2023-04-19,VANGUARD INDEX FUNDS,380.51999
12305,2023-04-20,VANGUARD INDEX FUNDS,378.37000
12305,2023-04-21,VANGUARD INDEX FUNDS,378.59000
12305,2023-04-24,VANGUARD INDEX FUNDS,379.09000
12305,2023-04-25,VANGUARD INDEX FUNDS,373.10001
12305,2023-04-26,VANGUARD INDEX FUNDS,371.44000
12305,2023-04-27,VANGUARD INDEX FUNDS,378.81000
12305,2023-04-28,VANGUARD INDEX FUNDS,382.04999
12305,2023-05-01,VANGUARD INDEX FUNDS,381.79001
12305,2023-05-02,VANGUARD INDEX FUNDS,377.51001
12305,2023-05-03,VANGUARD INDEX FUNDS,374.88000
12305,2023-05-04,VANGUARD INDEX FUNDS,372.14001
12305,2023-05-05,VANGUARD INDEX FUNDS,378.97000
12305,2023-05-08,VANGUARD INDEX FUNDS,379.17999
12305,2023-05-09,VANGUARD INDEX FUNDS,377.54001
12305,2023-05-10,VANGUARD INDEX FUNDS,379.19000
12305,2023-05-11,VANGUARD INDEX FUNDS,378.66000
12305,2023-05-12,VANGUARD INDEX FUNDS,378.14999
12305,2023-05-15,VANGUARD INDEX FUNDS,379.45999
12305,2023-05-16,VANGUARD INDEX FUNDS,376.95001
12305,2023-05-17,VANGUARD INDEX FUNDS,381.45001
12305,2023-05-18,VANGUARD INDEX FUNDS,385.17999
12305,2023-05-19,VANGUARD INDEX FUNDS,384.57001
12305,2023-05-22,VANGUARD INDEX FUNDS,384.78000
12305,2023-05-23,VANGUARD INDEX FUNDS,380.48001
12305,2023-05-24,VANGUARD INDEX FUNDS,377.63000
12305,2023-05-25,VANGUARD INDEX FUNDS,380.92001
12305,2023-05-26,VANGUARD INDEX FUNDS,385.87000
12305,2023-05-30,VANGUARD INDEX FUNDS,385.98999
12305,2023-05-31,VANGUARD INDEX FUNDS,383.89001
12305,2023-06-01,VANGUARD INDEX FUNDS,387.57001
12305,2023-06-02,VANGUARD INDEX FUNDS,393.26001
12305,2023-06-05,VANGUARD INDEX FUNDS,392.50000
12305,2023-06-06,VANGUARD INDEX FUNDS,393.31000
12305,2023-06-07,VANGUARD INDEX FUNDS,392.01999
12305,2023-06-08,VANGUARD INDEX FUNDS,394.37000
12305,2023-06-09,VANGUARD INDEX FUNDS,395.03000
12305,2023-06-12,VANGUARD INDEX FUNDS,398.66000
12305,2023-06-13,VANGUARD INDEX FUNDS,401.29001
12305,2023-06-14,VANGUARD INDEX FUNDS,401.60001
12305,2023-06-15,VANGUARD INDEX FUNDS,406.75000
12305,2023-06-16,VANGUARD INDEX FUNDS,405.25000
12305,2023-06-20,VANGUARD INDEX FUNDS,403.38000
12305,2023-06-21,VANGUARD INDEX FUNDS,401.17001
12305,2023-06-22,VANGUARD INDEX FUNDS,402.63000
12305,2023-06-23,VANGUARD INDEX FUNDS,399.60999
12305,2023-06-26,VANGUARD INDEX FUNDS,397.95999
12305,2023-06-27,VANGUARD INDEX FUNDS,402.37000
12305,2023-06-28,VANGUARD INDEX FUNDS,402.54999
12305,2023-06-29,VANGUARD INDEX FUNDS,402.51001
12305,2023-06-30,VANGUARD INDEX FUNDS,407.28000
12305,2023-07-03,VANGUARD INDEX FUNDS,408.06000
12305,2023-07-05,VANGUARD INDEX FUNDS,407.14999
12305,2023-07-06,VANGUARD INDEX FUNDS,403.82999
12305,2023-07-07,VANGUARD INDEX FUNDS,402.89001
12305,2023-07-10,VANGUARD INDEX FUNDS,403.97000
12305,2023-07-11,VANGUARD INDEX FUNDS,406.56000
12305,2023-07-12,VANGUARD INDEX FUNDS,409.76001
12305,2023-07-13,VANGUARD INDEX FUNDS,413.10001
12305,2023-07-14,VANGUARD INDEX FUNDS,412.76999
12305,2023-07-17,VANGUARD INDEX FUNDS,414.20999
12305,2023-07-18,VANGUARD INDEX FUNDS,417.35001
12305,2023-07-19,VANGUARD INDEX FUNDS,418.25000
12305,2023-07-20,VANGUARD INDEX FUNDS,415.51999
12305,2023-07-21,VANGUARD INDEX FUNDS,415.57001
12305,2023-07-24,VANGUARD INDEX FUNDS,417.32999
12305,2023-07-25,VANGUARD INDEX FUNDS,418.56000
12305,2023-07-26,VANGUARD INDEX FUNDS,418.66000
12305,2023-07-27,VANGUARD INDEX FUNDS,415.82001
12305,2023-07-28,VANGUARD INDEX FUNDS,419.87000
12305,2023-07-31,VANGUARD INDEX FUNDS,420.67999
12305,2023-08-01,VANGUARD INDEX FUNDS,419.38000
12305,2023-08-02,VANGUARD INDEX FUNDS,413.57001
12305,2023-08-03,VANGUARD INDEX FUNDS,412.39999
12305,2023-08-04,VANGUARD INDEX FUNDS,410.38000
12305,2023-08-07,VANGUARD INDEX FUNDS,414.07999
12305,2023-08-08,VANGUARD INDEX FUNDS,412.29001
12305,2023-08-09,VANGUARD INDEX FUNDS,409.54999
12305,2023-08-10,VANGUARD INDEX FUNDS,409.79001
12305,2023-08-11,VANGUARD INDEX FUNDS,409.41000
12305,2023-08-14,VANGUARD INDEX FUNDS,411.72000
12305,2023-08-15,VANGUARD INDEX FUNDS,407.00000
12305,2023-08-16,VANGUARD INDEX FUNDS,403.98999
12305,2023-08-17,VANGUARD INDEX FUNDS,400.72000
12305,2023-08-18,VANGUARD INDEX FUNDS,401.09000
12305,2023-08-21,VANGUARD INDEX FUNDS,403.73999
12305,2023-08-22,VANGUARD INDEX FUNDS,402.60999
12305,2023-08-23,VANGUARD INDEX FUNDS,406.95001
12305,2023-08-24,VANGUARD INDEX FUNDS,401.54001
12305,2023-08-25,VANGUARD INDEX FUNDS,404.20001
12305,2023-08-28,VANGUARD INDEX FUNDS,406.85999
12305,2023-08-29,VANGUARD INDEX FUNDS,412.64001
12305,2023-08-30,VANGUARD INDEX FUNDS,414.35999
12305,2023-08-31,VANGUARD INDEX FUNDS,413.82999
12305,2023-09-01,VANGUARD INDEX FUNDS,414.70999
12305,2023-09-05,VANGUARD INDEX FUNDS,412.89999
12305,2023-09-06,VANGUARD INDEX FUNDS,410.04999
12305,2023-09-07,VANGUARD INDEX FUNDS,408.82999
12305,2023-09-08,VANGUARD INDEX FUNDS,409.39001
12305,2023-09-11,VANGUARD INDEX FUNDS,412.07999
12305,2023-09-12,VANGUARD INDEX FUNDS,409.87000
12305,2023-09-13,VANGUARD INDEX FUNDS,410.35001
12305,2023-09-14,VANGUARD INDEX FUNDS,413.89999
12305,2023-09-15,VANGUARD INDEX FUNDS,408.73999
12305,2023-09-18,VANGUARD INDEX FUNDS,409.19000
12305,2023-09-19,VANGUARD INDEX FUNDS,408.37000
12305,2023-09-20,VANGUARD INDEX FUNDS,404.54999
12305,2023-09-21,VANGUARD INDEX FUNDS,397.92001
12305,2023-09-22,VANGUARD INDEX FUNDS,396.95999
12305,2023-09-25,VANGUARD INDEX FUNDS,398.60999
12305,2023-09-26,VANGUARD INDEX FUNDS,392.76001
12305,2023-09-27,VANGUARD INDEX FUNDS,392.85001
12305,2023-09-28,VANGUARD INDEX FUNDS,393.64001
12305,2023-09-29,VANGUARD INDEX FUNDS,392.70001
12305,2023-10-02,VANGUARD INDEX FUNDS,392.67001
12305,2023-10-03,VANGUARD INDEX FUNDS,387.39001
12305,2023-10-04,VANGUARD INDEX FUNDS,390.23999
12305,2023-10-05,VANGUARD INDEX FUNDS,389.91000
12305,2023-10-06,VANGUARD INDEX FUNDS,394.56000
12305,2023-10-09,VANGUARD INDEX FUNDS,397.19000
12305,2023-10-10,VANGUARD INDEX FUNDS,399.23999
12305,2023-10-11,VANGUARD INDEX FUNDS,400.92999
12305,2023-10-12,VANGUARD INDEX FUNDS,398.51999
12305,2023-10-13,VANGUARD INDEX FUNDS,396.42001
12305,2023-10-16,VANGUARD INDEX FUNDS,400.57001
12305,2023-10-17,VANGUARD INDEX FUNDS,400.57999
12305,2023-10-18,VANGUARD INDEX FUNDS,395.22000
12305,2023-10-19,VANGUARD INDEX FUNDS,391.87000
12305,2023-10-20,VANGUARD INDEX FUNDS,386.98999
12305,2023-10-23,VANGUARD INDEX FUNDS,386.31000
12305,2023-10-24,VANGUARD INDEX FUNDS,389.20001
12305,2023-10-25,VANGUARD INDEX FUNDS,383.70999
12305,2023-10-26,VANGUARD INDEX FUNDS,379.00000
12305,2023-10-27,VANGUARD INDEX FUNDS,377.32001
12305,2023-10-30,VANGUARD INDEX FUNDS,381.85999
12305,2023-10-31,VANGUARD INDEX FUNDS,384.17001
12305,2023-11-01,VANGUARD INDEX FUNDS,388.39999
12305,2023-11-02,VANGUARD INDEX FUNDS,395.78000
12305,2023-11-03,VANGUARD INDEX FUNDS,399.44000
12305,2023-11-06,VANGUARD INDEX FUNDS,400.20999
12305,2023-11-07,VANGUARD INDEX FUNDS,401.34000
12305,2023-11-08,VANGUARD INDEX FUNDS,401.67001
12305,2023-11-09,VANGUARD INDEX FUNDS,398.64001
12305,2023-11-10,VANGUARD INDEX FUNDS,404.85999
12305,2023-11-13,VANGUARD INDEX FUNDS,404.45001
12305,2023-11-14,VANGUARD INDEX FUNDS,412.22000
12305,2023-11-15,VANGUARD INDEX FUNDS,413.12000
12305,2023-11-16,VANGUARD INDEX FUNDS,413.70001
12305,2023-11-17,VANGUARD INDEX FUNDS,414.31000
12305,2023-11-20,VANGUARD INDEX FUNDS,417.42999
12305,2023-11-21,VANGUARD INDEX FUNDS,416.34000
12305,2023-11-22,VANGUARD INDEX FUNDS,418.14001
12305,2023-11-24,VANGUARD INDEX FUNDS,418.37000
12305,2023-11-27,VANGUARD INDEX FUNDS,417.64001
12305,2023-11-28,VANGUARD INDEX FUNDS,418.04999
12305,2023-11-29,VANGUARD INDEX FUNDS,417.78000
12305,2023-11-30,VANGUARD INDEX FUNDS,419.39999
12305,2023-12-01,VANGUARD INDEX FUNDS,421.85999
12305,2023-12-04,VANGUARD INDEX FUNDS,419.73999
12305,2023-12-05,VANGUARD INDEX FUNDS,419.60999
12305,2023-12-06,VANGUARD INDEX FUNDS,417.85999
12305,2023-12-07,VANGUARD INDEX FUNDS,421.13000
12305,2023-12-08,VANGUARD INDEX FUNDS,422.92001
12305,2023-12-11,VANGUARD INDEX FUNDS,424.56000
12305,2023-12-12,VANGUARD INDEX FUNDS,426.67001
12305,2023-12-13,VANGUARD INDEX FUNDS,432.48001
12305,2023-12-14,VANGUARD INDEX FUNDS,433.75000
12305,2023-12-15,VANGUARD INDEX FUNDS,433.09000
12305,2023-12-18,VANGUARD INDEX FUNDS,435.54001
12305,2023-12-19,VANGUARD INDEX FUNDS,438.19000
12305,2023-12-20,VANGUARD INDEX FUNDS,430.09000
12305,2023-12-21,VANGUARD INDEX FUNDS,434.28000
12305,2023-12-22,VANGUARD INDEX FUNDS,435.29001
12305,2023-12-26,VANGUARD INDEX FUNDS,437.10001
12305,2023-12-27,VANGUARD INDEX FUNDS,437.89999
12305,2023-12-28,VANGUARD INDEX FUNDS,437.97000
12305,2023-12-29,VANGUARD INDEX FUNDS,436.79999
12305,2024-01-02,VANGUARD INDEX FUNDS,434.01001
12305,2024-01-03,VANGUARD INDEX FUNDS,430.79001
12305,2024-01-04,VANGUARD INDEX FUNDS,429.42999
12305,2024-01-05,VANGUARD INDEX FUNDS,429.98001
12305,2024-01-08,VANGUARD INDEX FUNDS,436.13000
12305,2024-01-09,VANGUARD INDEX FUNDS,435.07001
12305,2024-01-10,VANGUARD INDEX FUNDS,437.94000
12305,2024-01-11,VANGUARD INDEX FUNDS,437.79001
12305,2024-01-12,VANGUARD INDEX FUNDS,437.98999
12305,2024-01-16,VANGUARD INDEX FUNDS,436.50000
12305,2024-01-17,VANGUARD INDEX FUNDS,434.07001
12305,2024-01-18,VANGUARD INDEX FUNDS,437.92999
12305,2024-01-19,VANGUARD INDEX FUNDS,443.29001
12305,2024-01-22,VANGUARD INDEX FUNDS,444.29999
12305,2024-01-23,VANGUARD INDEX FUNDS,445.62000
12305,2024-01-24,VANGUARD INDEX FUNDS,445.98999
12305,2024-01-25,VANGUARD INDEX FUNDS,448.50000
12305,2024-01-26,VANGUARD INDEX FUNDS,448.23001
12305,2024-01-29,VANGUARD INDEX FUNDS,451.48999
12305,2024-01-30,VANGUARD INDEX FUNDS,451.17001
12305,2024-01-31,VANGUARD INDEX FUNDS,443.82001
12305,2024-02-01,VANGUARD INDEX FUNDS,449.66000
12305,2024-02-02,VANGUARD INDEX FUNDS,454.28000
12305,2024-02-05,VANGUARD INDEX FUNDS,452.62000
12305,2024-02-06,VANGUARD INDEX FUNDS,454.03000
12305,2024-02-07,VANGUARD INDEX FUNDS,457.76001
12305,2024-02-08,VANGUARD INDEX FUNDS,458.07001
12305,2024-02-09,VANGUARD INDEX FUNDS,460.67001
12305,2024-02-12,VANGUARD INDEX FUNDS,460.45999
12305,2024-02-13,VANGUARD INDEX FUNDS,453.97000
12305,2024-02-14,VANGUARD INDEX FUNDS,458.29001
12305,2024-02-15,VANGUARD INDEX FUNDS,461.39001
12305,2024-02-16,VANGUARD INDEX FUNDS,459.03000
12305,2024-02-20,VANGUARD INDEX FUNDS,456.51001
12305,2024-02-21,VANGUARD INDEX FUNDS,456.97000
12305,2024-02-22,VANGUARD INDEX FUNDS,466.57001
12305,2024-02-23,VANGUARD INDEX FUNDS,466.78000
12305,2024-02-26,VANGUARD INDEX FUNDS,465.07001
12305,2024-02-27,VANGUARD INDEX FUNDS,465.92999
12305,2024-02-28,VANGUARD INDEX FUNDS,465.20999
12305,2024-02-29,VANGUARD INDEX FUNDS,466.92999
12305,2024-03-01,VANGUARD INDEX FUNDS,471.42999
12305,2024-03-04,VANGUARD INDEX FUNDS,470.87000
12305,2024-03-05,VANGUARD INDEX FUNDS,466.14999
12305,2024-03-06,VANGUARD INDEX FUNDS,468.62000
12305,2024-03-07,VANGUARD INDEX FUNDS,473.26001
12305,2024-03-08,VANGUARD INDEX FUNDS,470.39001
12305,2024-03-11,VANGUARD INDEX FUNDS,470.00000
12305,2024-03-12,VANGUARD INDEX FUNDS,475.03000
12305,2024-03-13,VANGUARD INDEX FUNDS,474.31000
12305,2024-03-14,VANGUARD INDEX FUNDS,473.26999
12305,2024-03-15,VANGUARD INDEX FUNDS,470.01001
12305,2024-03-18,VANGUARD INDEX FUNDS,472.95001
12305,2024-03-19,VANGUARD INDEX FUNDS,475.60001
12305,2024-03-20,VANGUARD INDEX FUNDS,479.75000
12305,2024-03-21,VANGUARD INDEX FUNDS,481.35001
12305,2024-03-22,VANGUARD INDEX FUNDS,479.17999
12305,2024-03-25,VANGUARD INDEX FUNDS,477.94000
12305,2024-03-26,VANGUARD INDEX FUNDS,476.60001
12305,2024-03-27,VANGUARD INDEX FUNDS,480.76001
12305,2024-03-28,VANGUARD INDEX FUNDS,480.70001
12305,2024-04-01,VANGUARD INDEX FUNDS,480.07001
12305,2024-04-02,VANGUARD INDEX FUNDS,476.92999
12305,2024-04-03,VANGUARD INDEX FUNDS,477.35999
12305,2024-04-04,VANGUARD INDEX FUNDS,471.48001
12305,2024-04-05,VANGUARD INDEX FUNDS,476.48999
12305,2024-04-08,VANGUARD INDEX FUNDS,476.67999
12305,2024-04-09,VANGUARD INDEX FUNDS,477.26999
12305,2024-04-10,VANGUARD INDEX FUNDS,472.64999
12305,2024-04-11,VANGUARD INDEX FUNDS,476.06000
12305,2024-04-12,VANGUARD INDEX FUNDS,469.57001
12305,2024-04-15,VANGUARD INDEX FUNDS,463.60999
12305,2024-04-16,VANGUARD INDEX FUNDS,462.78000
12305,2024-04-17,VANGUARD INDEX FUNDS,459.98999
12305,2024-04-18,VANGUARD INDEX FUNDS,458.94000
12305,2024-04-19,VANGUARD INDEX FUNDS,455.10001
12305,2024-04-22,VANGUARD INDEX FUNDS,459.04999
12305,2024-04-23,VANGUARD INDEX FUNDS,464.84000
12305,2024-04-24,VANGUARD INDEX FUNDS,464.50000
12305,2024-04-25,VANGUARD INDEX FUNDS,462.57999
12305,2024-04-26,VANGUARD INDEX FUNDS,467.20999
12305,2024-04-29,VANGUARD INDEX FUNDS,468.84000
12305,2024-04-30,VANGUARD INDEX FUNDS,461.42999
12305,2024-05-01,VANGUARD INDEX FUNDS,459.92999
12305,2024-05-02,VANGUARD INDEX FUNDS,464.22000
12305,2024-05-03,VANGUARD INDEX FUNDS,469.98001
12305,2024-05-06,VANGUARD INDEX FUNDS,474.72000
12305,2024-05-07,VANGUARD INDEX FUNDS,475.39999
12305,2024-05-08,VANGUARD INDEX FUNDS,475.42001
12305,2024-05-09,VANGUARD INDEX FUNDS,478.14999
12305,2024-05-10,VANGUARD INDEX FUNDS,478.73999
12305,2024-05-13,VANGUARD INDEX FUNDS,478.76999
12305,2024-05-14,VANGUARD INDEX FUNDS,481.04001
12305,2024-05-15,VANGUARD INDEX FUNDS,486.89999
12305,2024-05-16,VANGUARD INDEX FUNDS,485.97000
12305,2024-05-17,VANGUARD INDEX FUNDS,486.69000
12305,2024-05-20,VANGUARD INDEX FUNDS,487.17001
12305,2024-05-21,VANGUARD INDEX FUNDS,488.48001
12305,2024-05-22,VANGUARD INDEX FUNDS,487.06000
12305,2024-05-23,VANGUARD INDEX FUNDS,483.44000
12305,2024-05-24,VANGUARD INDEX FUNDS,486.73001
12305,2024-05-28,VANGUARD INDEX FUNDS,487.12000
12305,2024-05-29,VANGUARD INDEX FUNDS,483.69000
12305,2024-05-30,VANGUARD INDEX FUNDS,480.44000
12305,2024-05-31,VANGUARD INDEX FUNDS,484.62000
12305,2024-06-03,VANGUARD INDEX FUNDS,485.14999
12305,2024-06-04,VANGUARD INDEX FUNDS,485.73999
12305,2024-06-05,VANGUARD INDEX FUNDS,491.54999
12305,2024-06-06,VANGUARD INDEX FUNDS,491.44000
12305,2024-06-07,VANGUARD INDEX FUNDS,490.79999
12305,2024-06-10,VANGUARD INDEX FUNDS,492.41000
12305,2024-06-11,VANGUARD INDEX FUNDS,493.53000
12305,2024-06-12,VANGUARD INDEX FUNDS,497.64001
12305,2024-06-13,VANGUARD INDEX FUNDS,498.57999
12305,2024-06-14,VANGUARD INDEX FUNDS,498.98001
12305,2024-06-17,VANGUARD INDEX FUNDS,502.94000
12305,2024-06-18,VANGUARD INDEX FUNDS,504.28000
12305,2024-06-20,VANGUARD INDEX FUNDS,502.88000
12305,2024-06-21,VANGUARD INDEX FUNDS,501.78000
12305,2024-06-24,VANGUARD INDEX FUNDS,500.42999
12305,2024-06-25,VANGUARD INDEX FUNDS,502.51001
12305,2024-06-26,VANGUARD INDEX FUNDS,503.07001
12305,2024-06-27,VANGUARD INDEX FUNDS,503.85001
12305,2024-06-28,VANGUARD INDEX FUNDS,500.13000
12305,2024-07-01,VANGUARD INDEX FUNDS,501.28000
12305,2024-07-02,VANGUARD INDEX FUNDS,504.53000
12305,2024-07-03,VANGUARD INDEX FUNDS,506.81000
12305,2024-07-05,VANGUARD INDEX FUNDS,509.84000
12305,2024-07-08,VANGUARD INDEX FUNDS,510.32999
12305,2024-07-09,VANGUARD INDEX FUNDS,510.89001
12305,2024-07-10,VANGUARD INDEX FUNDS,515.81000
12305,2024-07-11,VANGUARD INDEX FUNDS,511.39001
12305,2024-07-12,VANGUARD INDEX FUNDS,514.54999
12305,2024-07-15,VANGUARD INDEX FUNDS,516.10999
12305,2024-07-16,VANGUARD INDEX FUNDS,519.03998
12305,2024-07-17,VANGUARD INDEX FUNDS,511.79001
12305,2024-07-18,VANGUARD INDEX FUNDS,507.94000
12305,2024-07-19,VANGUARD INDEX FUNDS,504.54999
12305,2024-07-22,VANGUARD INDEX FUNDS,509.79001
12305,2024-07-23,VANGUARD INDEX FUNDS,508.94000
12305,2024-07-24,VANGUARD INDEX FUNDS,497.29001
12305,2024-07-25,VANGUARD INDEX FUNDS,494.78000
12305,2024-07-26,VANGUARD INDEX FUNDS,500.32999
12305,2024-07-29,VANGUARD INDEX FUNDS,500.70001
12305,2024-07-30,VANGUARD INDEX FUNDS,498.07999
12305,2024-07-31,VANGUARD INDEX FUNDS,505.92999
12305,2024-08-01,VANGUARD INDEX FUNDS,499.03000
12305,2024-08-02,VANGUARD INDEX FUNDS,489.91000
12305,2024-08-05,VANGUARD INDEX FUNDS,475.20001
12305,2024-08-06,VANGUARD INDEX FUNDS,479.94000
12305,2024-08-07,VANGUARD INDEX FUNDS,476.60999
12305,2024-08-08,VANGUARD INDEX FUNDS,487.73001
12305,2024-08-09,VANGUARD INDEX FUNDS,489.82001
12305,2024-08-12,VANGUARD INDEX FUNDS,490.07001
12305,2024-08-13,VANGUARD INDEX FUNDS,498.20999
12305,2024-08-14,VANGUARD INDEX FUNDS,499.79999
12305,2024-08-15,VANGUARD INDEX FUNDS,508.38000
12305,2024-08-16,VANGUARD INDEX FUNDS,509.45001
12305,2024-08-19,VANGUARD INDEX FUNDS,514.34998
12305,2024-08-20,VANGUARD INDEX FUNDS,513.50000
12305,2024-08-21,VANGUARD INDEX FUNDS,515.29999
12305,2024-08-22,VANGUARD INDEX FUNDS,511.13000
12305,2024-08-23,VANGUARD INDEX FUNDS,516.65997
12305,2024-08-26,VANGUARD INDEX FUNDS,515.39001
12305,2024-08-27,VANGUARD INDEX FUNDS,516.08002
12305,2024-08-28,VANGUARD INDEX FUNDS,513.13000
12305,2024-08-29,VANGUARD INDEX FUNDS,513.21002
12305,2024-08-30,VANGUARD INDEX FUNDS,518.03998
12305,2024-09-03,VANGUARD INDEX FUNDS,507.56000
12305,2024-09-04,VANGUARD INDEX FUNDS,506.29999
12305,2024-09-05,VANGUARD INDEX FUNDS,505.04999
12305,2024-09-06,VANGUARD INDEX FUNDS,496.64001
12305,2024-09-09,VANGUARD INDEX FUNDS,502.23001
12305,2024-09-10,VANGUARD INDEX FUNDS,504.29999
12305,2024-09-11,VANGUARD INDEX FUNDS,509.45999
12305,2024-09-12,VANGUARD INDEX FUNDS,513.84003
12305,2024-09-13,VANGUARD INDEX FUNDS,516.57001
12305,2024-09-16,VANGUARD INDEX FUNDS,517.34998
12305,2024-09-17,VANGUARD INDEX FUNDS,517.59003
12305,2024-09-18,VANGUARD INDEX FUNDS,515.90997
12305,2024-09-19,VANGUARD INDEX FUNDS,524.90997
12305,2024-09-20,VANGUARD INDEX FUNDS,523.88000
12305,2024-09-23,VANGUARD INDEX FUNDS,525.16998
12305,2024-09-24,VANGUARD INDEX FUNDS,526.67999
12305,2024-09-25,VANGUARD INDEX FUNDS,525.60999
12305,2024-09-26,VANGUARD INDEX FUNDS,527.70001
12305,2024-09-27,VANGUARD INDEX FUNDS,525.38000
12305,2024-09-30,VANGUARD INDEX FUNDS,527.66998
12305,2024-10-01,VANGUARD INDEX FUNDS,522.73999
12305,2024-10-02,VANGUARD INDEX FUNDS,522.83002
12305,2024-10-03,VANGUARD INDEX FUNDS,521.84003
12305,2024-10-04,VANGUARD INDEX FUNDS,526.65002
12305,2024-10-07,VANGUARD INDEX FUNDS,521.90997
12305,2024-10-08,VANGUARD INDEX FUNDS,526.84998
12305,2024-10-09,VANGUARD INDEX FUNDS,530.45001
12305,2024-10-10,VANGUARD INDEX FUNDS,529.56000
12305,2024-10-11,VANGUARD INDEX FUNDS,532.71002
12305,2024-10-14,VANGUARD INDEX FUNDS,537.07001
12305,2024-10-15,VANGUARD INDEX FUNDS,532.97998
12305,2024-10-16,VANGUARD INDEX FUNDS,535.21997
12305,2024-10-17,VANGUARD INDEX FUNDS,535.29999
12305,2024-10-18,VANGUARD INDEX FUNDS,537.35999
12305,2024-10-21,VANGUARD INDEX FUNDS,536.53003
12305,2024-10-22,VANGUARD INDEX FUNDS,536.15997
12305,2024-10-23,VANGUARD INDEX FUNDS,531.27002
12305,2024-10-24,VANGUARD INDEX FUNDS,532.46997
12305,2024-10-25,VANGUARD INDEX FUNDS,532.26001
12305,2024-10-28,VANGUARD INDEX FUNDS,533.91998
12305,2024-10-29,VANGUARD INDEX FUNDS,534.77002
12305,2024-10-30,VANGUARD INDEX FUNDS,533.15997
12305,2024-10-31,VANGUARD INDEX FUNDS,522.66998
12305,2024-11-01,VANGUARD INDEX FUNDS,524.94000
12305,2024-11-04,VANGUARD INDEX FUNDS,523.79999
12305,2024-11-05,VANGUARD INDEX FUNDS,530.09998
12305,2024-11-06,VANGUARD INDEX FUNDS,543.29999
12305,2024-11-07,VANGUARD INDEX FUNDS,547.53003
12305,2024-11-08,VANGUARD INDEX FUNDS,549.95001
12305,2024-11-11,VANGUARD INDEX FUNDS,550.40002
12305,2024-11-12,VANGUARD INDEX FUNDS,548.75000
12305,2024-11-13,VANGUARD INDEX FUNDS,549.03003
12305,2024-11-14,VANGUARD INDEX FUNDS,545.53998
12305,2024-11-15,VANGUARD INDEX FUNDS,538.50000
12305,2024-11-18,VANGUARD INDEX FUNDS,540.72998
12305,2024-11-19,VANGUARD INDEX FUNDS,542.70001
12305,2024-11-20,VANGUARD INDEX FUNDS,542.90002
12305,2024-11-21,VANGUARD INDEX FUNDS,545.64001
12305,2024-11-22,VANGUARD INDEX FUNDS,547.46997
12305,2024-11-25,VANGUARD INDEX FUNDS,549.22998
12305,2024-11-26,VANGUARD INDEX FUNDS,552.31000
12305,2024-11-27,VANGUARD INDEX FUNDS,550.54999
12305,2024-11-29,VANGUARD INDEX FUNDS,553.45001
12305,2024-12-02,VANGUARD INDEX FUNDS,555.01001
12305,2024-12-03,VANGUARD INDEX FUNDS,555.14001
12305,2024-12-04,VANGUARD INDEX FUNDS,558.64001
12305,2024-12-05,VANGUARD INDEX FUNDS,557.71002
12305,2024-12-06,VANGUARD INDEX FUNDS,558.82001
12305,2024-12-09,VANGUARD INDEX FUNDS,555.90997
12305,2024-12-10,VANGUARD INDEX FUNDS,554.33002
12305,2024-12-11,VANGUARD INDEX FUNDS,558.53003
12305,2024-12-12,VANGUARD INDEX FUNDS,555.65002
12305,2024-12-13,VANGUARD INDEX FUNDS,555.60999
12305,2024-12-16,VANGUARD INDEX FUNDS,557.78998
12305,2024-12-17,VANGUARD INDEX FUNDS,555.45001
12305,2024-12-18,VANGUARD INDEX FUNDS,539.14001
12305,2024-12-19,VANGUARD INDEX FUNDS,538.94000
12305,2024-12-20,VANGUARD INDEX FUNDS,545.03998
12305,2024-12-23,VANGUARD INDEX FUNDS,547.19000
12305,2024-12-24,VANGUARD INDEX FUNDS,552.82001
12305,2024-12-26,VANGUARD INDEX FUNDS,552.81000
12305,2024-12-27,VANGUARD INDEX FUNDS,547.08002
12305,2024-12-30,VANGUARD INDEX FUNDS,540.98999
12305,2024-12-31,VANGUARD INDEX FUNDS,538.81000
